node,core_number,in_backbone
9606.ENSP00000421326,1,False
9606.ENSP00000432660,20,False
9606.ENSP00000406229,1,False
9606.ENSP00000495360,37,True
9606.ENSP00000383986,1,False
9606.ENSP00000478887,37,True
9606.ENSP00000373472,1,False
9606.ENSP00000483552,15,False
9606.ENSP00000370593,1,False
9606.ENSP00000374135,3,False
9606.ENSP00000417404,3,False
9606.ENSP00000497910,25,False
9606.ENSP00000365473,5,False
9606.ENSP00000417498,6,False
9606.ENSP00000436812,5,False
9606.ENSP00000381008,6,False
9606.ENSP00000484824,27,False
9606.ENSP00000485659,8,False
9606.ENSP00000365024,1,False
9606.ENSP00000365042,11,False
9606.ENSP00000372724,1,False
9606.ENSP00000364978,1,False
9606.ENSP00000364985,1,False
9606.ENSP00000364949,1,False
9606.ENSP00000406162,30,False
9606.ENSP00000364543,3,False
9606.ENSP00000426909,21,False
9606.ENSP00000364578,3,False
9606.ENSP00000364482,3,False
9606.ENSP00000407685,9,False
9606.ENSP00000396688,9,False
9606.ENSP00000362151,3,False
9606.ENSP00000484803,11,False
9606.ENSP00000365380,37,True
9606.ENSP00000497585,3,False
9606.ENSP00000360764,1,False
9606.ENSP00000364163,14,False
9606.ENSP00000443459,4,False
9606.ENSP00000497574,15,False
9606.ENSP00000445175,14,False
9606.ENSP00000357305,1,False
9606.ENSP00000419060,33,False
9606.ENSP00000356857,1,False
9606.ENSP00000368370,16,False
9606.ENSP00000378760,4,False
9606.ENSP00000478255,8,False
9606.ENSP00000498321,37,True
9606.ENSP00000382342,3,False
9606.ENSP00000379826,4,False
9606.ENSP00000483825,31,False
9606.ENSP00000497271,28,False
9606.ENSP00000358765,2,False
9606.ENSP00000378786,20,False
9606.ENSP00000391249,3,False
9606.ENSP00000437955,37,True
9606.ENSP00000357668,5,False
9606.ENSP00000370542,37,True
9606.ENSP00000428056,37,True
9606.ENSP00000376345,37,True
9606.ENSP00000437550,10,False
9606.ENSP00000478927,27,False
9606.ENSP00000499786,17,False
9606.ENSP00000369134,4,False
9606.ENSP00000376352,8,False
9606.ENSP00000340939,4,False
9606.ENSP00000346879,10,False
9606.ENSP00000347379,22,False
9606.ENSP00000348416,23,False
9606.ENSP00000409544,7,False
9606.ENSP00000354608,1,False
9606.ENSP00000378888,1,False
9606.ENSP00000364298,4,False
9606.ENSP00000384849,37,True
9606.ENSP00000405330,37,True
9606.ENSP00000358794,5,False
9606.ENSP00000367608,7,False
9606.ENSP00000416293,15,False
9606.ENSP00000353379,3,False
9606.ENSP00000379873,21,False
9606.ENSP00000445675,5,False
9606.ENSP00000345728,3,False
9606.ENSP00000416255,20,False
9606.ENSP00000384092,24,False
9606.ENSP00000363329,1,False
9606.ENSP00000425561,20,False
9606.ENSP00000327459,2,False
9606.ENSP00000384359,2,False
9606.ENSP00000364212,7,False
9606.ENSP00000370340,2,False
9606.ENSP00000437621,13,False
9606.ENSP00000321835,3,False
9606.ENSP00000361066,32,False
9606.ENSP00000400142,19,False
9606.ENSP00000381588,11,False
9606.ENSP00000368667,4,False
9606.ENSP00000386559,37,True
9606.ENSP00000370989,37,True
9606.ENSP00000359991,10,False
9606.ENSP00000362413,15,False
9606.ENSP00000495530,20,False
9606.ENSP00000437402,13,False
9606.ENSP00000496166,10,False
9606.ENSP00000493382,9,False
9606.ENSP00000380070,37,True
9606.ENSP00000377192,16,False
9606.ENSP00000473348,16,False
9606.ENSP00000485952,10,False
9606.ENSP00000370517,10,False
9606.ENSP00000496597,10,False
9606.ENSP00000313603,1,False
9606.ENSP00000356520,20,False
9606.ENSP00000365131,6,False
9606.ENSP00000477713,37,True
9606.ENSP00000365201,6,False
9606.ENSP00000384018,32,False
9606.ENSP00000387246,7,False
9606.ENSP00000428924,37,True
9606.ENSP00000410402,16,False
9606.ENSP00000364815,2,False
9606.ENSP00000441000,1,False
9606.ENSP00000307197,2,False
9606.ENSP00000364801,21,False
9606.ENSP00000339787,3,False
9606.ENSP00000346103,15,False
9606.ENSP00000478931,3,False
9606.ENSP00000497274,11,False
9606.ENSP00000498246,11,False
9606.ENSP00000498939,15,False
9606.ENSP00000302846,7,False
9606.ENSP00000360141,15,False
9606.ENSP00000356438,37,True
9606.ENSP00000409581,30,False
9606.ENSP00000342385,5,False
9606.ENSP00000362680,37,True
9606.ENSP00000359719,33,False
9606.ENSP00000366488,33,False
9606.ENSP00000309591,33,False
9606.ENSP00000301659,2,False
9606.ENSP00000339587,7,False
9606.ENSP00000433138,32,False
9606.ENSP00000350402,2,False
9606.ENSP00000497102,37,True
9606.ENSP00000358470,10,False
9606.ENSP00000380855,24,False
9606.ENSP00000485129,21,False
9606.ENSP00000370254,14,False
9606.ENSP00000480004,13,False
9606.ENSP00000378488,15,False
9606.ENSP00000440689,15,False
9606.ENSP00000496150,14,False
9606.ENSP00000439120,5,False
9606.ENSP00000348215,9,False
9606.ENSP00000365745,22,False
9606.ENSP00000379350,37,True
9606.ENSP00000497733,37,True
9606.ENSP00000469413,8,False
9606.ENSP00000297405,3,False
9606.ENSP00000467141,10,False
9606.ENSP00000478026,7,False
9606.ENSP00000494750,37,True
9606.ENSP00000410446,3,False
9606.ENSP00000471896,32,False
9606.ENSP00000295746,2,False
9606.ENSP00000300093,37,True
9606.ENSP00000295718,2,False
9606.ENSP00000380432,37,True
9606.ENSP00000312631,5,False
9606.ENSP00000411821,5,False
9606.ENSP00000430269,7,False
9606.ENSP00000303424,4,False
9606.ENSP00000320147,37,True
9606.ENSP00000313851,4,False
9606.ENSP00000351446,32,False
9606.ENSP00000493594,2,False
9606.ENSP00000365773,6,False
9606.ENSP00000377617,6,False
9606.ENSP00000389326,20,False
9606.ENSP00000416037,2,False
9606.ENSP00000405327,5,False
9606.ENSP00000305302,3,False
9606.ENSP00000444408,6,False
9606.ENSP00000306920,3,False
9606.ENSP00000364782,2,False
9606.ENSP00000351807,18,False
9606.ENSP00000352584,5,False
9606.ENSP00000451828,37,True
9606.ENSP00000290295,2,False
9606.ENSP00000363822,36,False
9606.ENSP00000352926,12,False
9606.ENSP00000289361,1,False
9606.ENSP00000366937,1,False
9606.ENSP00000348602,4,False
9606.ENSP00000429344,4,False
9606.ENSP00000288699,4,False
9606.ENSP00000316779,8,False
9606.ENSP00000359211,9,False
9606.ENSP00000330218,6,False
9606.ENSP00000350198,5,False
9606.ENSP00000368683,20,False
9606.ENSP00000345502,7,False
9606.ENSP00000320295,5,False
9606.ENSP00000357206,20,False
9606.ENSP00000437125,26,False
9606.ENSP00000323588,33,False
9606.ENSP00000369927,14,False
9606.ENSP00000379683,15,False
9606.ENSP00000478561,15,False
9606.ENSP00000280362,5,False
9606.ENSP00000360683,22,False
9606.ENSP00000489597,37,True
9606.ENSP00000344967,3,False
9606.ENSP00000401888,33,False
9606.ENSP00000348753,3,False
9606.ENSP00000322460,3,False
9606.ENSP00000278947,1,False
9606.ENSP00000276708,1,False
9606.ENSP00000275525,10,False
9606.ENSP00000376637,37,True
9606.ENSP00000391826,35,False
9606.ENSP00000497069,37,True
9606.ENSP00000379138,14,False
9606.ENSP00000368880,37,True
9606.ENSP00000336790,22,False
9606.ENSP00000340292,6,False
9606.ENSP00000346839,37,True
9606.ENSP00000349437,13,False
9606.ENSP00000370473,19,False
9606.ENSP00000371341,11,False
9606.ENSP00000457230,12,False
9606.ENSP00000424827,22,False
9606.ENSP00000391669,27,False
9606.ENSP00000296129,3,False
9606.ENSP00000351209,37,True
9606.ENSP00000383053,10,False
9606.ENSP00000480763,8,False
9606.ENSP00000276297,6,False
9606.ENSP00000316029,26,False
9606.ENSP00000400175,37,True
9606.ENSP00000339191,37,True
9606.ENSP00000285735,13,False
9606.ENSP00000336740,12,False
9606.ENSP00000382697,14,False
9606.ENSP00000360609,37,True
9606.ENSP00000379287,33,False
9606.ENSP00000348461,19,False
9606.ENSP00000344215,3,False
9606.ENSP00000411256,18,False
9606.ENSP00000379003,3,False
9606.ENSP00000359804,8,False
9606.ENSP00000408025,10,False
9606.ENSP00000362820,19,False
9606.ENSP00000362441,31,False
9606.ENSP00000385269,20,False
9606.ENSP00000296755,12,False
9606.ENSP00000498476,22,False
9606.ENSP00000374455,30,False
9606.ENSP00000425107,18,False
9606.ENSP00000355231,32,False
9606.ENSP00000363970,15,False
9606.ENSP00000358072,23,False
9606.ENSP00000349547,14,False
9606.ENSP00000346437,21,False
9606.ENSP00000324560,18,False
9606.ENSP00000339001,10,False
9606.ENSP00000354558,37,True
9606.ENSP00000386786,10,False
9606.ENSP00000339063,19,False
9606.ENSP00000455906,1,False
9606.ENSP00000353846,6,False
9606.ENSP00000419081,33,False
9606.ENSP00000369689,33,False
9606.ENSP00000360973,6,False
9606.ENSP00000420321,5,False
9606.ENSP00000422591,6,False
9606.ENSP00000435233,10,False
9606.ENSP00000486891,18,False
9606.ENSP00000447149,11,False
9606.ENSP00000354218,6,False
9606.ENSP00000384273,37,True
9606.ENSP00000378699,37,True
9606.ENSP00000377245,22,False
9606.ENSP00000367545,13,False
9606.ENSP00000371798,8,False
9606.ENSP00000328835,4,False
9606.ENSP00000411532,37,True
9606.ENSP00000355506,36,False
9606.ENSP00000264331,7,False
9606.ENSP00000354522,20,False
9606.ENSP00000494538,32,False
9606.ENSP00000355759,37,True
9606.ENSP00000343896,34,False
9606.ENSP00000376077,27,False
9606.ENSP00000301272,4,False
9606.ENSP00000378409,4,False
9606.ENSP00000332164,2,False
9606.ENSP00000272233,12,False
9606.ENSP00000317985,13,False
9606.ENSP00000376457,34,False
9606.ENSP00000286827,18,False
9606.ENSP00000298159,13,False
9606.ENSP00000366306,10,False
9606.ENSP00000447241,34,False
9606.ENSP00000268613,6,False
9606.ENSP00000389814,24,False
9606.ENSP00000418915,37,True
9606.ENSP00000382004,21,False
9606.ENSP00000263918,12,False
9606.ENSP00000315299,33,False
9606.ENSP00000304643,33,False
9606.ENSP00000311344,18,False
9606.ENSP00000291295,33,False
9606.ENSP00000343925,30,False
9606.ENSP00000373700,32,False
9606.ENSP00000307078,11,False
9606.ENSP00000320663,22,False
9606.ENSP00000414982,9,False
9606.ENSP00000498577,11,False
9606.ENSP00000263798,3,False
9606.ENSP00000331831,8,False
9606.ENSP00000496577,37,True
9606.ENSP00000330341,37,True
9606.ENSP00000388566,9,False
9606.ENSP00000433209,15,False
9606.ENSP00000448165,22,False
9606.ENSP00000349085,5,False
9606.ENSP00000365924,4,False
9606.ENSP00000402758,7,False
9606.ENSP00000263321,7,False
9606.ENSP00000391803,14,False
9606.ENSP00000473093,7,False
9606.ENSP00000380093,8,False
9606.ENSP00000332602,7,False
9606.ENSP00000375921,7,False
9606.ENSP00000379601,4,False
9606.ENSP00000494373,7,False
9606.ENSP00000266744,7,False
9606.ENSP00000387699,37,True
9606.ENSP00000381382,12,False
9606.ENSP00000355718,13,False
9606.ENSP00000400341,16,False
9606.ENSP00000386660,20,False
9606.ENSP00000371483,4,False
9606.ENSP00000263102,7,False
9606.ENSP00000347942,25,False
9606.ENSP00000463027,7,False
9606.ENSP00000332353,9,False
9606.ENSP00000351250,18,False
9606.ENSP00000357494,7,False
9606.ENSP00000357484,5,False
9606.ENSP00000311579,9,False
9606.ENSP00000361021,37,True
9606.ENSP00000350249,8,False
9606.ENSP00000358022,32,False
9606.ENSP00000418960,37,True
9606.ENSP00000312987,27,False
9606.ENSP00000360689,7,False
9606.ENSP00000316357,10,False
9606.ENSP00000341551,36,False
9606.ENSP00000494040,20,False
9606.ENSP00000339527,37,True
9606.ENSP00000357565,8,False
9606.ENSP00000343535,28,False
9606.ENSP00000490491,14,False
9606.ENSP00000300231,14,False
9606.ENSP00000357625,18,False
9606.ENSP00000270349,4,False
9606.ENSP00000365569,8,False
9606.ENSP00000408695,33,False
9606.ENSP00000355865,23,False
9606.ENSP00000306449,4,False
9606.ENSP00000344666,13,False
9606.ENSP00000372035,10,False
9606.ENSP00000398632,37,True
9606.ENSP00000351015,29,False
9606.ENSP00000496414,13,False
9606.ENSP00000405738,6,False
9606.ENSP00000495564,1,False
9606.ENSP00000410294,37,True
9606.ENSP00000396308,7,False
9606.ENSP00000369647,5,False
9606.ENSP00000325548,4,False
9606.ENSP00000310447,5,False
9606.ENSP00000317379,5,False
9606.ENSP00000359258,10,False
9606.ENSP00000261733,5,False
9606.ENSP00000295522,10,False
9606.ENSP00000360269,5,False
9606.ENSP00000371958,26,False
9606.ENSP00000296585,27,False
9606.ENSP00000417050,10,False
9606.ENSP00000353475,11,False
9606.ENSP00000359380,9,False
9606.ENSP00000466259,12,False
9606.ENSP00000385523,26,False
9606.ENSP00000280612,7,False
9606.ENSP00000367123,7,False
9606.ENSP00000444357,8,False
9606.ENSP00000380252,28,False
9606.ENSP00000404854,6,False
9606.ENSP00000463978,7,False
9606.ENSP00000492001,10,False
9606.ENSP00000462521,14,False
9606.ENSP00000261622,6,False
9606.ENSP00000415416,13,False
9606.ENSP00000304592,12,False
9606.ENSP00000348069,24,False
9606.ENSP00000415743,33,False
9606.ENSP00000312652,35,False
9606.ENSP00000369497,33,False
9606.ENSP00000493712,37,True
9606.ENSP00000274063,12,False
9606.ENSP00000284523,17,False
9606.ENSP00000294304,16,False
9606.ENSP00000293549,16,False
9606.ENSP00000285018,12,False
9606.ENSP00000363081,15,False
9606.ENSP00000286574,12,False
9606.ENSP00000286201,13,False
9606.ENSP00000302625,17,False
9606.ENSP00000433112,7,False
9606.ENSP00000452786,30,False
9606.ENSP00000332679,15,False
9606.ENSP00000342007,15,False
9606.ENSP00000362508,15,False
9606.ENSP00000362525,15,False
9606.ENSP00000343838,15,False
9606.ENSP00000362549,15,False
9606.ENSP00000381607,15,False
9606.ENSP00000368100,21,False
9606.ENSP00000434024,34,False
9606.ENSP00000371475,32,False
9606.ENSP00000375978,28,False
9606.ENSP00000372023,31,False
9606.ENSP00000472445,26,False
9606.ENSP00000451974,25,False
9606.ENSP00000417132,12,False
9606.ENSP00000430432,34,False
9606.ENSP00000324806,37,True
9606.ENSP00000378974,37,True
9606.ENSP00000394560,31,False
9606.ENSP00000303174,15,False
9606.ENSP00000304845,15,False
9606.ENSP00000301141,15,False
9606.ENSP00000301146,2,False
9606.ENSP00000311469,15,False
9606.ENSP00000379038,7,False
9606.ENSP00000332256,7,False
9606.ENSP00000315602,5,False
9606.ENSP00000260682,15,False
9606.ENSP00000260970,15,False
9606.ENSP00000363512,11,False
9606.ENSP00000295256,15,False
9606.ENSP00000297785,15,False
9606.ENSP00000281821,9,False
9606.ENSP00000357392,22,False
9606.ENSP00000361423,37,True
9606.ENSP00000284240,27,False
9606.ENSP00000393312,37,True
9606.ENSP00000337451,8,False
9606.ENSP00000350896,9,False
9606.ENSP00000260270,2,False
9606.ENSP00000307786,32,False
9606.ENSP00000260264,1,False
9606.ENSP00000352673,3,False
9606.ENSP00000366249,8,False
9606.ENSP00000496832,27,False
9606.ENSP00000356954,27,False
9606.ENSP00000370408,12,False
9606.ENSP00000382800,27,False
9606.ENSP00000368632,37,True
9606.ENSP00000365433,3,False
9606.ENSP00000379566,2,False
9606.ENSP00000359645,19,False
9606.ENSP00000451291,20,False
9606.ENSP00000391090,37,True
9606.ENSP00000405726,37,True
9606.ENSP00000344401,8,False
9606.ENSP00000425979,15,False
9606.ENSP00000437256,16,False
9606.ENSP00000356150,16,False
9606.ENSP00000381185,37,True
9606.ENSP00000404503,15,False
9606.ENSP00000306682,8,False
9606.ENSP00000360493,34,False
9606.ENSP00000284440,12,False
9606.ENSP00000335153,37,True
9606.ENSP00000364204,20,False
9606.ENSP00000284981,36,False
9606.ENSP00000350512,20,False
9606.ENSP00000392025,22,False
9606.ENSP00000357704,13,False
9606.ENSP00000364210,20,False
9606.ENSP00000366109,15,False
9606.ENSP00000379097,25,False
9606.ENSP00000446007,23,False
9606.ENSP00000418582,5,False
9606.ENSP00000265689,6,False
9606.ENSP00000383611,30,False
9606.ENSP00000266970,37,True
9606.ENSP00000265734,30,False
9606.ENSP00000468425,27,False
9606.ENSP00000498610,5,False
9606.ENSP00000286648,7,False
9606.ENSP00000361965,7,False
9606.ENSP00000346577,6,False
9606.ENSP00000360250,14,False
9606.ENSP00000315644,30,False
9606.ENSP00000300738,20,False
9606.ENSP00000353770,37,True
9606.ENSP00000299697,7,False
9606.ENSP00000319170,7,False
9606.ENSP00000371253,7,False
9606.ENSP00000264036,12,False
9606.ENSP00000457421,37,True
9606.ENSP00000362299,27,False
9606.ENSP00000310036,37,True
9606.ENSP00000411355,37,True
9606.ENSP00000264634,16,False
9606.ENSP00000497290,27,False
9606.ENSP00000356953,10,False
9606.ENSP00000364649,12,False
9606.ENSP00000378408,20,False
9606.ENSP00000390265,23,False
9606.ENSP00000378487,22,False
9606.ENSP00000264982,4,False
9606.ENSP00000313419,37,True
9606.ENSP00000321106,18,False
9606.ENSP00000355627,27,False
9606.ENSP00000379472,24,False
9606.ENSP00000358525,37,True
9606.ENSP00000414303,37,True
9606.ENSP00000331358,10,False
9606.ENSP00000363089,37,True
9606.ENSP00000418525,25,False
9606.ENSP00000369643,5,False
9606.ENSP00000256999,9,False
9606.ENSP00000314151,11,False
9606.ENSP00000301258,4,False
9606.ENSP00000269571,37,True
9606.ENSP00000377284,4,False
9606.ENSP00000295897,37,True
9606.ENSP00000481114,1,False
9606.ENSP00000332963,1,False
9606.ENSP00000298223,1,False
9606.ENSP00000275493,37,True
9606.ENSP00000353731,18,False
9606.ENSP00000372313,5,False
9606.ENSP00000478699,31,False
9606.ENSP00000498587,36,False
9606.ENSP00000413720,25,False
9606.ENSP00000375795,13,False
9606.ENSP00000412237,37,True
9606.ENSP00000442424,37,True
9606.ENSP00000379111,37,True
9606.ENSP00000499900,37,True
9606.ENSP00000398880,9,False
9606.ENSP00000265295,10,False
9606.ENSP00000287598,37,True
9606.ENSP00000355922,37,True
9606.ENSP00000361540,37,True
9606.ENSP00000376322,4,False
9606.ENSP00000335062,32,False
9606.ENSP00000360540,37,True
9606.ENSP00000296509,37,True
9606.ENSP00000294489,10,False
9606.ENSP00000338934,26,False
9606.ENSP00000353408,19,False
9606.ENSP00000480043,32,False
9606.ENSP00000364898,37,True
9606.ENSP00000265077,13,False
9606.ENSP00000498227,37,True
9606.ENSP00000361405,37,True
9606.ENSP00000297268,26,False
9606.ENSP00000304408,17,False
9606.ENSP00000361818,20,False
9606.ENSP00000256178,13,False
9606.ENSP00000261937,37,True
9606.ENSP00000297904,29,False
9606.ENSP00000333769,15,False
9606.ENSP00000377492,37,True
9606.ENSP00000263923,37,True
9606.ENSP00000259607,36,False
9606.ENSP00000455897,31,False
9606.ENSP00000261405,28,False
9606.ENSP00000405963,14,False
9606.ENSP00000407586,37,True
9606.ENSP00000462468,22,False
9606.ENSP00000480012,12,False
9606.ENSP00000441765,7,False
9606.ENSP00000261313,5,False
9606.ENSP00000302486,33,False
9606.ENSP00000262746,20,False
9606.ENSP00000345282,10,False
9606.ENSP00000328169,11,False
9606.ENSP00000345206,26,False
9606.ENSP00000362361,24,False
9606.ENSP00000386759,24,False
9606.ENSP00000338272,13,False
9606.ENSP00000275815,8,False
9606.ENSP00000433760,19,False
9606.ENSP00000499501,35,False
9606.ENSP00000421339,18,False
9606.ENSP00000261783,10,False
9606.ENSP00000327251,21,False
9606.ENSP00000349446,21,False
9606.ENSP00000352252,37,True
9606.ENSP00000339835,35,False
9606.ENSP00000333277,37,True
9606.ENSP00000355657,37,True
9606.ENSP00000430950,29,False
9606.ENSP00000382688,19,False
9606.ENSP00000383042,32,False
9606.ENSP00000356233,15,False
9606.ENSP00000362649,37,True
9606.ENSP00000379078,32,False
9606.ENSP00000359799,9,False
9606.ENSP00000364802,16,False
9606.ENSP00000364805,15,False
9606.ENSP00000295408,4,False
9606.ENSP00000358165,32,False
9606.ENSP00000431418,37,True
9606.ENSP00000305988,14,False
9606.ENSP00000359077,14,False
9606.ENSP00000481841,26,False
9606.ENSP00000426809,26,False
9606.ENSP00000449404,11,False
9606.ENSP00000447730,26,False
9606.ENSP00000441065,1,False
9606.ENSP00000345344,11,False
9606.ENSP00000365458,20,False
9606.ENSP00000355094,6,False
9606.ENSP00000497641,19,False
9606.ENSP00000332296,6,False
9606.ENSP00000386135,14,False
9606.ENSP00000303507,14,False
9606.ENSP00000346300,37,True
9606.ENSP00000401303,37,True
9606.ENSP00000341208,37,True
9606.ENSP00000419260,32,False
9606.ENSP00000369757,21,False
9606.ENSP00000365806,1,False
9606.ENSP00000353099,20,False
9606.ENSP00000384863,20,False
9606.ENSP00000346032,21,False
9606.ENSP00000364119,13,False
9606.ENSP00000271640,22,False
9606.ENSP00000337976,31,False
9606.ENSP00000328547,32,False
9606.ENSP00000352516,33,False
9606.ENSP00000489282,32,False
9606.ENSP00000316578,32,False
9606.ENSP00000418259,3,False
9606.ENSP00000479617,32,False
9606.ENSP00000366404,10,False
9606.ENSP00000430684,34,False
9606.ENSP00000328848,7,False
9606.ENSP00000349428,19,False
9606.ENSP00000376276,19,False
9606.ENSP00000451300,13,False
9606.ENSP00000252809,3,False
9606.ENSP00000351905,26,False
9606.ENSP00000269305,37,True
9606.ENSP00000355601,15,False
9606.ENSP00000469686,14,False
9606.ENSP00000278282,7,False
9606.ENSP00000316152,7,False
9606.ENSP00000499683,7,False
9606.ENSP00000361366,7,False
9606.ENSP00000397082,7,False
9606.ENSP00000310170,15,False
9606.ENSP00000252137,3,False
9606.ENSP00000398568,31,False
9606.ENSP00000250535,3,False
9606.ENSP00000300060,26,False
9606.ENSP00000391490,4,False
9606.ENSP00000253408,23,False
9606.ENSP00000365227,24,False
9606.ENSP00000263233,13,False
9606.ENSP00000263341,37,True
9606.ENSP00000348645,37,True
9606.ENSP00000311032,37,True
9606.ENSP00000385675,37,True
9606.ENSP00000264498,37,True
9606.ENSP00000265171,37,True
9606.ENSP00000257290,37,True
9606.ENSP00000366091,7,False
9606.ENSP00000496959,37,True
9606.ENSP00000398698,37,True
9606.ENSP00000307508,9,False
9606.ENSP00000405453,7,False
9606.ENSP00000365280,7,False
9606.ENSP00000376436,23,False
9606.ENSP00000295108,6,False
9606.ENSP00000480291,4,False
9606.ENSP00000303208,11,False
9606.ENSP00000367220,11,False
9606.ENSP00000249501,2,False
9606.ENSP00000327832,2,False
9606.ENSP00000365804,32,False
9606.ENSP00000499058,21,False
9606.ENSP00000311005,8,False
9606.ENSP00000368884,14,False
9606.ENSP00000440864,20,False
9606.ENSP00000435412,19,False
9606.ENSP00000422435,14,False
9606.ENSP00000442920,18,False
9606.ENSP00000446252,22,False
9606.ENSP00000465261,5,False
9606.ENSP00000263317,8,False
9606.ENSP00000367851,24,False
9606.ENSP00000332973,37,True
9606.ENSP00000293328,37,True
9606.ENSP00000395294,17,False
9606.ENSP00000372547,8,False
9606.ENSP00000348944,10,False
9606.ENSP00000463069,11,False
9606.ENSP00000328181,13,False
9606.ENSP00000368104,26,False
9606.ENSP00000371790,37,True
9606.ENSP00000396198,33,False
9606.ENSP00000417898,1,False
9606.ENSP00000442656,10,False
9606.ENSP00000447297,26,False
9606.ENSP00000478289,31,False
9606.ENSP00000346206,11,False
9606.ENSP00000363993,11,False
9606.ENSP00000364016,10,False
9606.ENSP00000399168,18,False
9606.ENSP00000354394,37,True
9606.ENSP00000365817,18,False
9606.ENSP00000366024,17,False
9606.ENSP00000299001,5,False
9606.ENSP00000245255,5,False
9606.ENSP00000301455,8,False
9606.ENSP00000244745,9,False
9606.ENSP00000259915,32,False
9606.ENSP00000265165,27,False
9606.ENSP00000340347,17,False
9606.ENSP00000264657,37,True
9606.ENSP00000244573,14,False
9606.ENSP00000332194,32,False
9606.ENSP00000358155,32,False
9606.ENSP00000358151,33,False
9606.ENSP00000330074,14,False
9606.ENSP00000262643,30,False
9606.ENSP00000481380,37,True
9606.ENSP00000257904,37,True
9606.ENSP00000480960,32,False
9606.ENSP00000367034,32,False
9606.ENSP00000347168,32,False
9606.ENSP00000256442,37,True
9606.ENSP00000479794,32,False
9606.ENSP00000306884,37,True
9606.ENSP00000477527,32,False
9606.ENSP00000482674,32,False
9606.ENSP00000477907,32,False
9606.ENSP00000479169,32,False
9606.ENSP00000483903,32,False
9606.ENSP00000477870,32,False
9606.ENSP00000361473,26,False
9606.ENSP00000367203,30,False
9606.ENSP00000372351,26,False
9606.ENSP00000289316,32,False
9606.ENSP00000336868,37,True
9606.ENSP00000321744,32,False
9606.ENSP00000339566,14,False
9606.ENSP00000308938,26,False
9606.ENSP00000364855,9,False
9606.ENSP00000408617,32,False
9606.ENSP00000362674,32,False
9606.ENSP00000302967,34,False
9606.ENSP00000295757,21,False
9606.ENSP00000262189,28,False
9606.ENSP00000301067,22,False
9606.ENSP00000436786,26,False
9606.ENSP00000263253,37,True
9606.ENSP00000268712,34,False
9606.ENSP00000320485,31,False
9606.ENSP00000262367,37,True
9606.ENSP00000300305,37,True
9606.ENSP00000340883,28,False
9606.ENSP00000337088,25,False
9606.ENSP00000344504,26,False
9606.ENSP00000419782,25,False
9606.ENSP00000352257,31,False
9606.ENSP00000307705,14,False
9606.ENSP00000313983,15,False
9606.ENSP00000378702,23,False
9606.ENSP00000444896,4,False
9606.ENSP00000366618,27,False
9606.ENSP00000335044,19,False
9606.ENSP00000386593,24,False
9606.ENSP00000371638,30,False
9606.ENSP00000365588,26,False
9606.ENSP00000307208,14,False
9606.ENSP00000371859,6,False
9606.ENSP00000340507,17,False
9606.ENSP00000377001,21,False
9606.ENSP00000361626,20,False
9606.ENSP00000359339,23,False
9606.ENSP00000369213,30,False
9606.ENSP00000377681,20,False
9606.ENSP00000369581,37,True
9606.ENSP00000370034,32,False
9606.ENSP00000380697,31,False
9606.ENSP00000396052,5,False
9606.ENSP00000384675,37,True
9606.ENSP00000243924,2,False
9606.ENSP00000366563,37,True
9606.ENSP00000364813,4,False
9606.ENSP00000365625,5,False
9606.ENSP00000416269,17,False
9606.ENSP00000243563,9,False
9606.ENSP00000279441,9,False
9606.ENSP00000258962,20,False
9606.ENSP00000349748,19,False
9606.ENSP00000341826,20,False
9606.ENSP00000243440,7,False
9606.ENSP00000360266,37,True
9606.ENSP00000465894,7,False
9606.ENSP00000252818,17,False
9606.ENSP00000268638,24,False
9606.ENSP00000454623,37,True
9606.ENSP00000263087,27,False
9606.ENSP00000370343,27,False
9606.ENSP00000478763,21,False
9606.ENSP00000443432,19,False
9606.ENSP00000493906,4,False
9606.ENSP00000242057,8,False
9606.ENSP00000351407,17,False
9606.ENSP00000267163,34,False
9606.ENSP00000481249,15,False
9606.ENSP00000379658,19,False
9606.ENSP00000442788,23,False
9606.ENSP00000427514,34,False
9606.ENSP00000290551,5,False
9606.ENSP00000309439,1,False
9606.ENSP00000360025,18,False
9606.ENSP00000333667,9,False
9606.ENSP00000236959,9,False
9606.ENSP00000298556,10,False
9606.ENSP00000257770,24,False
9606.ENSP00000296930,34,False
9606.ENSP00000363868,12,False
9606.ENSP00000261693,30,False
9606.ENSP00000263645,26,False
9606.ENSP00000355361,23,False
9606.ENSP00000355751,22,False
9606.ENSP00000346671,37,True
9606.ENSP00000356946,37,True
9606.ENSP00000433642,37,True
9606.ENSP00000287820,37,True
9606.ENSP00000264832,37,True
9606.ENSP00000287936,12,False
9606.ENSP00000380948,37,True
9606.ENSP00000294728,37,True
9606.ENSP00000310928,15,False
9606.ENSP00000263686,30,False
9606.ENSP00000292301,37,True
9606.ENSP00000376197,26,False
9606.ENSP00000339328,17,False
9606.ENSP00000331736,27,False
9606.ENSP00000361359,37,True
9606.ENSP00000480132,37,True
9606.ENSP00000262262,30,False
9606.ENSP00000290866,20,False
9606.ENSP00000351742,11,False
9606.ENSP00000234313,17,False
9606.ENSP00000483570,31,False
9606.ENSP00000356231,17,False
9606.ENSP00000274376,22,False
9606.ENSP00000262719,7,False
9606.ENSP00000298316,16,False
9606.ENSP00000375892,34,False
9606.ENSP00000304895,37,True
9606.ENSP00000500582,33,False
9606.ENSP00000361850,20,False
9606.ENSP00000376792,1,False
9606.ENSP00000233809,7,False
9606.ENSP00000357112,14,False
9606.ENSP00000302111,16,False
9606.ENSP00000331897,19,False
9606.ENSP00000306561,17,False
9606.ENSP00000309572,26,False
9606.ENSP00000336701,23,False
9606.ENSP00000351284,26,False
9606.ENSP00000343741,28,False
9606.ENSP00000500891,17,False
9606.ENSP00000368458,28,False
9606.ENSP00000260947,31,False
9606.ENSP00000261584,25,False
9606.ENSP00000264552,26,False
9606.ENSP00000278616,37,True
9606.ENSP00000348838,37,True
9606.ENSP00000365851,33,False
9606.ENSP00000313950,37,True
9606.ENSP00000322570,25,False
9606.ENSP00000287647,26,False
9606.ENSP00000265849,25,False
9606.ENSP00000237014,14,False
9606.ENSP00000416066,14,False
9606.ENSP00000252486,32,False
9606.ENSP00000315130,17,False
9606.ENSP00000255030,32,False
9606.ENSP00000308541,15,False
9606.ENSP00000305372,15,False
9606.ENSP00000386884,37,True
9606.ENSP00000311127,29,False
9606.ENSP00000363377,29,False
9606.ENSP00000433623,37,True
9606.ENSP00000354487,30,False
9606.ENSP00000341170,6,False
9606.ENSP00000357189,10,False
9606.ENSP00000385451,6,False
9606.ENSP00000398736,10,False
9606.ENSP00000373477,22,False
9606.ENSP00000374265,22,False
9606.ENSP00000392398,22,False
9606.ENSP00000423822,22,False
9606.ENSP00000244869,22,False
9606.ENSP00000342235,37,True
9606.ENSP00000267101,37,True
9606.ENSP00000404131,37,True
9606.ENSP00000287842,17,False
9606.ENSP00000379092,11,False
9606.ENSP00000317272,37,True
9606.ENSP00000256078,37,True
9606.ENSP00000309968,20,False
9606.ENSP00000282397,37,True
9606.ENSP00000261799,37,True
9606.ENSP00000288135,37,True
9606.ENSP00000369375,37,True
9606.ENSP00000339824,37,True
9606.ENSP00000302728,11,False
9606.ENSP00000375809,25,False
9606.ENSP00000370938,17,False
9606.ENSP00000305918,12,False
9606.ENSP00000345571,37,True
9606.ENSP00000375629,17,False
9606.ENSP00000438038,22,False
9606.ENSP00000344352,22,False
9606.ENSP00000327048,12,False
9606.ENSP00000333685,28,False
9606.ENSP00000264716,12,False
9606.ENSP00000306245,37,True
9606.ENSP00000340989,25,False
9606.ENSP00000305422,34,False
9606.ENSP00000262238,34,False
9606.ENSP00000229729,2,False
9606.ENSP00000264246,37,True
9606.ENSP00000332049,37,True
9606.ENSP00000252229,12,False
9606.ENSP00000356320,11,False
9606.ENSP00000291890,26,False
9606.ENSP00000342156,18,False
9606.ENSP00000362181,15,False
9606.ENSP00000338130,25,False
9606.ENSP00000461947,15,False
9606.ENSP00000296545,37,True
9606.ENSP00000402060,15,False
9606.ENSP00000229708,11,False
9606.ENSP00000240618,30,False
9606.ENSP00000252483,14,False
9606.ENSP00000326432,36,False
9606.ENSP00000363804,27,False
9606.ENSP00000380494,3,False
9606.ENSP00000362748,13,False
9606.ENSP00000297316,13,False
9606.ENSP00000388620,23,False
9606.ENSP00000269216,9,False
9606.ENSP00000373783,5,False
9606.ENSP00000473391,28,False
9606.ENSP00000495951,37,True
9606.ENSP00000482581,8,False
9606.ENSP00000381601,21,False
9606.ENSP00000411940,31,False
9606.ENSP00000315768,28,False
9606.ENSP00000431885,37,True
9606.ENSP00000371067,37,True
9606.ENSP00000432511,37,True
9606.ENSP00000409346,15,False
9606.ENSP00000369554,37,True
9606.ENSP00000377218,20,False
9606.ENSP00000357459,16,False
9606.ENSP00000356713,37,True
9606.ENSP00000412897,28,False
9606.ENSP00000329967,30,False
9606.ENSP00000249373,10,False
9606.ENSP00000297261,28,False
9606.ENSP00000390436,16,False
9606.ENSP00000379258,16,False
9606.ENSP00000261798,17,False
9606.ENSP00000448083,3,False
9606.ENSP00000377836,13,False
9606.ENSP00000262426,6,False
9606.ENSP00000228682,21,False
9606.ENSP00000359206,28,False
9606.ENSP00000264414,21,False
9606.ENSP00000326804,30,False
9606.ENSP00000263754,34,False
9606.ENSP00000229307,32,False
9606.ENSP00000290341,18,False
9606.ENSP00000281043,24,False
9606.ENSP00000276925,20,False
9606.ENSP00000362082,24,False
9606.ENSP00000410242,18,False
9606.ENSP00000329357,33,False
9606.ENSP00000335357,37,True
9606.ENSP00000358548,37,True
9606.ENSP00000364270,25,False
9606.ENSP00000368686,27,False
9606.ENSP00000355249,23,False
9606.ENSP00000429089,28,False
9606.ENSP00000398124,23,False
9606.ENSP00000250448,28,False
9606.ENSP00000325120,34,False
9606.ENSP00000254810,37,True
9606.ENSP00000254066,30,False
9606.ENSP00000501092,15,False
9606.ENSP00000263967,37,True
9606.ENSP00000386896,26,False
9606.ENSP00000418754,9,False
9606.ENSP00000384371,32,False
9606.ENSP00000245960,24,False
9606.ENSP00000255465,31,False
9606.ENSP00000303706,31,False
9606.ENSP00000321656,36,False
9606.ENSP00000342307,37,True
9606.ENSP00000402084,27,False
9606.ENSP00000288207,37,True
9606.ENSP00000298048,37,True
9606.ENSP00000365230,37,True
9606.ENSP00000345681,18,False
9606.ENSP00000366915,15,False
9606.ENSP00000286548,30,False
9606.ENSP00000264867,32,False
9606.ENSP00000264606,32,False
9606.ENSP00000264709,32,False
9606.ENSP00000339992,18,False
9606.ENSP00000350844,20,False
9606.ENSP00000484479,27,False
9606.ENSP00000227163,28,False
9606.ENSP00000286301,37,True
9606.ENSP00000245414,33,False
9606.ENSP00000241453,37,True
9606.ENSP00000389377,26,False
9606.ENSP00000230354,32,False
9606.ENSP00000295025,27,False
9606.ENSP00000300134,37,True
9606.ENSP00000296871,37,True
9606.ENSP00000263377,32,False
9606.ENSP00000327513,37,True
9606.ENSP00000260010,37,True
9606.ENSP00000251968,17,False
9606.ENSP00000302961,37,True
9606.ENSP00000273047,14,False
9606.ENSP00000333298,24,False
9606.ENSP00000261890,12,False
9606.ENSP00000380421,13,False
9606.ENSP00000339477,20,False
9606.ENSP00000359663,37,True
9606.ENSP00000368538,25,False
9606.ENSP00000263056,13,False
9606.ENSP00000359424,37,True
9606.ENSP00000358983,26,False
9606.ENSP00000325074,18,False
9606.ENSP00000358997,31,False
9606.ENSP00000497759,7,False
9606.ENSP00000474412,37,True
9606.ENSP00000480467,21,False
9606.ENSP00000343619,4,False
9606.ENSP00000474725,28,False
9606.ENSP00000438483,21,False
9606.ENSP00000369571,27,False
9606.ENSP00000369574,27,False
9606.ENSP00000369564,27,False
9606.ENSP00000369566,27,False
9606.ENSP00000239347,27,False
9606.ENSP00000363318,37,True
9606.ENSP00000327890,37,True
9606.ENSP00000369293,37,True
9606.ENSP00000357470,37,True
9606.ENSP00000306157,37,True
9606.ENSP00000369558,24,False
9606.ENSP00000369553,23,False
9606.ENSP00000320935,17,False
9606.ENSP00000415941,4,False
9606.ENSP00000416561,4,False
9606.ENSP00000356899,5,False
9606.ENSP00000359114,5,False
9606.ENSP00000327801,13,False
9606.ENSP00000378856,20,False
9606.ENSP00000354677,22,False
9606.ENSP00000416330,6,False
9606.ENSP00000364589,18,False
9606.ENSP00000274764,31,False
9606.ENSP00000340330,34,False
9606.ENSP00000331310,23,False
9606.ENSP00000378118,26,False
9606.ENSP00000427279,37,True
9606.ENSP00000416996,23,False
9606.ENSP00000395704,37,True
9606.ENSP00000343054,3,False
9606.ENSP00000483254,19,False
9606.ENSP00000404121,19,False
9606.ENSP00000494686,4,False
9606.ENSP00000325690,32,False
9606.ENSP00000326381,14,False
9606.ENSP00000340691,17,False
9606.ENSP00000293831,17,False
9606.ENSP00000307940,20,False
9606.ENSP00000318195,20,False
9606.ENSP00000252723,32,False
9606.ENSP00000296870,37,True
9606.ENSP00000263734,24,False
9606.ENSP00000361004,28,False
9606.ENSP00000466090,18,False
9606.ENSP00000231751,16,False
9606.ENSP00000362108,19,False
9606.ENSP00000243077,21,False
9606.ENSP00000244336,13,False
9606.ENSP00000236850,16,False
9606.ENSP00000378517,29,False
9606.ENSP00000346251,1,False
9606.ENSP00000420174,8,False
9606.ENSP00000391594,8,False
9606.ENSP00000419945,17,False
9606.ENSP00000365081,5,False
9606.ENSP00000308208,15,False
9606.ENSP00000264896,30,False
9606.ENSP00000276603,14,False
9606.ENSP00000305480,28,False
9606.ENSP00000313420,31,False
9606.ENSP00000313854,1,False
9606.ENSP00000224950,14,False
9606.ENSP00000262241,29,False
9606.ENSP00000320866,23,False
9606.ENSP00000299767,22,False
9606.ENSP00000260356,27,False
9606.ENSP00000345347,30,False
9606.ENSP00000301178,18,False
9606.ENSP00000264039,21,False
9606.ENSP00000334145,20,False
9606.ENSP00000366307,16,False
9606.ENSP00000242159,4,False
9606.ENSP00000283921,4,False
9606.ENSP00000364190,4,False
9606.ENSP00000222726,4,False
9606.ENSP00000372191,18,False
9606.ENSP00000476228,12,False
9606.ENSP00000296474,7,False
9606.ENSP00000431775,7,False
9606.ENSP00000264033,37,True
9606.ENSP00000300574,37,True
9606.ENSP00000264972,34,False
9606.ENSP00000380638,23,False
9606.ENSP00000303830,37,True
9606.ENSP00000341189,37,True
9606.ENSP00000501150,37,True
9606.ENSP00000267257,30,False
9606.ENSP00000274813,9,False
9606.ENSP00000342681,34,False
9606.ENSP00000398655,29,False
9606.ENSP00000292408,37,True
9606.ENSP00000295797,13,False
9606.ENSP00000324856,27,False
9606.ENSP00000354207,19,False
9606.ENSP00000368759,11,False
9606.ENSP00000382423,29,False
9606.ENSP00000355124,13,False
9606.ENSP00000373489,11,False
9606.ENSP00000263735,23,False
9606.ENSP00000329243,13,False
9606.ENSP00000329797,8,False
9606.ENSP00000343158,1,False
9606.ENSP00000355896,25,False
9606.ENSP00000373574,9,False
9606.ENSP00000451040,30,False
9606.ENSP00000238682,18,False
9606.ENSP00000261023,27,False
9606.ENSP00000262160,34,False
9606.ENSP00000262158,22,False
9606.ENSP00000267843,37,True
9606.ENSP00000321797,37,True
9606.ENSP00000264664,37,True
9606.ENSP00000379140,37,True
9606.ENSP00000324173,26,False
9606.ENSP00000254958,14,False
9606.ENSP00000263388,14,False
9606.ENSP00000256646,14,False
9606.ENSP00000260408,16,False
9606.ENSP00000436423,15,False
9606.ENSP00000418823,18,False
9606.ENSP00000381657,26,False
9606.ENSP00000346694,20,False
9606.ENSP00000363314,15,False
9606.ENSP00000463982,18,False
9606.ENSP00000291552,19,False
9606.ENSP00000313199,20,False
9606.ENSP00000254108,20,False
9606.ENSP00000258729,18,False
9606.ENSP00000352798,18,False
9606.ENSP00000319169,32,False
9606.ENSP00000442129,1,False
9606.ENSP00000221419,19,False
9606.ENSP00000246194,10,False
9606.ENSP00000255409,6,False
9606.ENSP00000304915,37,True
9606.ENSP00000354581,22,False
9606.ENSP00000351908,26,False
9606.ENSP00000319788,16,False
9606.ENSP00000270776,9,False
9606.ENSP00000328137,3,False
9606.ENSP00000363641,22,False
9606.ENSP00000434516,15,False
9606.ENSP00000368166,17,False
9606.ENSP00000265441,12,False
9606.ENSP00000381775,26,False
9606.ENSP00000273550,7,False
9606.ENSP00000220616,9,False
9606.ENSP00000263334,15,False
9606.ENSP00000252804,37,True
9606.ENSP00000401445,20,False
9606.ENSP00000265351,9,False
9606.ENSP00000263209,14,False
9606.ENSP00000373474,18,False
9606.ENSP00000298717,18,False
9606.ENSP00000225792,20,False
9606.ENSP00000250003,21,False
9606.ENSP00000280154,13,False
9606.ENSP00000253024,28,False
9606.ENSP00000338235,4,False
9606.ENSP00000296511,33,False
9606.ENSP00000367202,6,False
9606.ENSP00000478490,18,False
9606.ENSP00000444660,18,False
9606.ENSP00000261254,25,False
9606.ENSP00000262133,24,False
9606.ENSP00000274255,30,False
9606.ENSP00000262904,23,False
9606.ENSP00000477908,37,True
9606.ENSP00000220592,23,False
9606.ENSP00000227507,37,True
9606.ENSP00000220514,27,False
9606.ENSP00000302530,37,True
9606.ENSP00000260731,37,True
9606.ENSP00000361298,37,True
9606.ENSP00000271452,37,True
9606.ENSP00000362146,37,True
9606.ENSP00000247191,37,True
9606.ENSP00000428489,37,True
9606.ENSP00000301633,37,True
9606.ENSP00000378356,37,True
9606.ENSP00000251496,37,True
9606.ENSP00000358813,37,True
9606.ENSP00000320171,20,False
9606.ENSP00000300403,37,True
9606.ENSP00000261597,37,True
9606.ENSP00000236671,13,False
9606.ENSP00000345672,18,False
9606.ENSP00000357981,20,False
9606.ENSP00000360242,30,False
9606.ENSP00000220166,6,False
9606.ENSP00000339398,17,False
9606.ENSP00000258149,37,True
9606.ENSP00000276927,37,True
9606.ENSP00000305651,37,True
9606.ENSP00000354901,37,True
9606.ENSP00000296795,34,False
9606.ENSP00000358092,19,False
9606.ENSP00000263464,29,False
9606.ENSP00000482259,37,True
9606.ENSP00000353874,37,True
9606.ENSP00000231509,34,False
9606.ENSP00000277120,37,True
9606.ENSP00000266000,32,False
9606.ENSP00000239938,27,False
9606.ENSP00000267953,15,False
9606.ENSP00000306512,37,True
9606.ENSP00000302476,20,False
9606.ENSP00000303394,20,False
9606.ENSP00000315564,15,False
9606.ENSP00000329932,15,False
9606.ENSP00000307305,9,False
9606.ENSP00000344220,26,False
9606.ENSP00000356832,13,False
9606.ENSP00000375711,18,False
9606.ENSP00000379975,26,False
9606.ENSP00000337065,26,False
9606.ENSP00000356792,26,False
9606.ENSP00000362795,37,True
9606.ENSP00000343952,37,True
9606.ENSP00000351059,37,True
9606.ENSP00000296028,32,False
9606.ENSP00000319635,37,True
9606.ENSP00000379110,37,True
9606.ENSP00000308815,37,True
9606.ENSP00000296140,37,True
9606.ENSP00000351671,37,True
9606.ENSP00000262768,14,False
9606.ENSP00000299855,27,False
9606.ENSP00000322788,27,False
9606.ENSP00000266085,14,False
9606.ENSP00000458585,14,False
9606.ENSP00000230990,20,False
9606.ENSP00000260227,19,False
9606.ENSP00000369071,16,False
9606.ENSP00000364935,2,False
9606.ENSP00000427552,3,False
9606.ENSP00000231004,15,False
9606.ENSP00000244050,36,False
9606.ENSP00000231061,17,False
9606.ENSP00000262623,8,False
9606.ENSP00000218548,8,False
9606.ENSP00000320176,23,False
9606.ENSP00000497968,37,True
9606.ENSP00000260302,15,False
9606.ENSP00000223095,30,False
9606.ENSP00000226218,27,False
9606.ENSP00000225831,37,True
9606.ENSP00000263339,37,True
9606.ENSP00000229135,37,True
9606.ENSP00000290277,20,False
9606.ENSP00000361120,12,False
9606.ENSP00000377601,12,False
9606.ENSP00000217426,6,False
9606.ENSP00000398495,22,False
9606.ENSP00000477613,30,False
9606.ENSP00000393596,9,False
9606.ENSP00000217169,9,False
9606.ENSP00000330237,33,False
9606.ENSP00000358327,22,False
9606.ENSP00000333633,16,False
9606.ENSP00000487174,11,False
9606.ENSP00000217086,12,False
9606.ENSP00000363524,37,True
9606.ENSP00000357643,37,True
9606.ENSP00000355966,37,True
9606.ENSP00000377536,37,True
9606.ENSP00000326550,30,False
9606.ENSP00000301019,30,False
9606.ENSP00000260363,37,True
9606.ENSP00000265148,37,True
9606.ENSP00000253462,15,False
9606.ENSP00000265748,34,False
9606.ENSP00000264156,28,False
9606.ENSP00000262105,31,False
9606.ENSP00000307288,30,False
9606.ENSP00000217026,27,False
9606.ENSP00000382091,18,False
9606.ENSP00000333938,4,False
9606.ENSP00000216807,4,False
9606.ENSP00000244537,34,False
9606.ENSP00000221452,19,False
9606.ENSP00000226574,37,True
9606.ENSP00000410481,12,False
9606.ENSP00000263932,25,False
9606.ENSP00000376500,29,False
9606.ENSP00000372221,3,False
9606.ENSP00000354158,4,False
9606.ENSP00000448665,20,False
9606.ENSP00000287641,13,False
9606.ENSP00000377854,3,False
9606.ENSP00000366233,1,False
9606.ENSP00000256857,10,False
9606.ENSP00000266674,11,False
9606.ENSP00000371693,1,False
9606.ENSP00000353245,11,False
9606.ENSP00000454545,18,False
9606.ENSP00000343526,7,False
9606.ENSP00000337060,9,False
9606.ENSP00000216446,14,False
9606.ENSP00000216373,22,False
9606.ENSP00000244007,37,True
9606.ENSP00000261366,21,False
9606.ENSP00000327054,9,False
9606.ENSP00000357283,16,False
9606.ENSP00000265164,17,False
9606.ENSP00000248071,14,False
9606.ENSP00000354782,31,False
9606.ENSP00000433847,20,False
9606.ENSP00000351273,37,True
9606.ENSP00000286186,20,False
9606.ENSP00000299259,8,False
9606.ENSP00000311083,24,False
9606.ENSP00000289371,15,False
9606.ENSP00000329466,10,False
9606.ENSP00000428205,10,False
9606.ENSP00000324404,20,False
9606.ENSP00000337383,26,False
9606.ENSP00000386380,35,False
9606.ENSP00000221130,16,False
9606.ENSP00000250405,15,False
9606.ENSP00000376943,29,False
9606.ENSP00000326119,15,False
9606.ENSP00000363591,15,False
9606.ENSP00000293288,23,False
9606.ENSP00000384924,9,False
9606.ENSP00000216115,10,False
9606.ENSP00000356919,20,False
9606.ENSP00000364349,10,False
9606.ENSP00000307235,21,False
9606.ENSP00000365402,17,False
9606.ENSP00000233057,26,False
9606.ENSP00000256383,20,False
9606.ENSP00000259808,30,False
9606.ENSP00000301838,30,False
9606.ENSP00000356920,7,False
9606.ENSP00000419923,6,False
9606.ENSP00000222330,17,False
9606.ENSP00000262320,22,False
9606.ENSP00000257430,17,False
9606.ENSP00000261349,16,False
9606.ENSP00000263791,13,False
9606.ENSP00000216037,21,False
9606.ENSP00000222254,37,True
9606.ENSP00000247461,20,False
9606.ENSP00000262948,22,False
9606.ENSP00000263025,37,True
9606.ENSP00000239223,16,False
9606.ENSP00000279488,6,False
9606.ENSP00000229795,37,True
9606.ENSP00000345083,17,False
9606.ENSP00000240100,6,False
9606.ENSP00000248553,21,False
9606.ENSP00000358596,7,False
9606.ENSP00000442973,10,False
9606.ENSP00000484390,10,False
9606.ENSP00000353344,10,False
9606.ENSP00000313681,4,False
9606.ENSP00000308413,24,False
9606.ENSP00000228872,34,False
9606.ENSP00000231487,28,False
9606.ENSP00000410452,9,False
9606.ENSP00000256443,26,False
9606.ENSP00000469613,37,True
9606.ENSP00000356694,35,False
9606.ENSP00000498466,32,False
9606.ENSP00000360216,20,False
9606.ENSP00000259874,3,False
9606.ENSP00000249075,29,False
9606.ENSP00000264563,29,False
9606.ENSP00000274520,37,True
9606.ENSP00000215781,28,False
9606.ENSP00000222390,37,True
9606.ENSP00000272928,13,False
9606.ENSP00000292174,37,True
9606.ENSP00000292303,37,True
9606.ENSP00000261769,37,True
9606.ENSP00000264144,14,False
9606.ENSP00000269141,37,True
9606.ENSP00000215743,5,False
9606.ENSP00000307272,21,False
9606.ENSP00000495556,14,False
9606.ENSP00000290921,26,False
9606.ENSP00000358799,18,False
9606.ENSP00000222553,14,False
9606.ENSP00000337332,20,False
9606.ENSP00000249396,29,False
9606.ENSP00000226279,37,True
9606.ENSP00000498881,25,False
9606.ENSP00000264731,9,False
9606.ENSP00000225916,32,False
9606.ENSP00000261497,19,False
9606.ENSP00000254846,30,False
9606.ENSP00000259895,15,False
9606.ENSP00000370842,31,False
9606.ENSP00000354660,3,False
9606.ENSP00000295756,16,False
9606.ENSP00000216117,23,False
9606.ENSP00000231449,37,True
9606.ENSP00000296782,26,False
9606.ENSP00000312664,16,False
9606.ENSP00000312455,22,False
9606.ENSP00000225577,32,False
9606.ENSP00000262187,18,False
9606.ENSP00000351141,18,False
9606.ENSP00000366542,1,False
9606.ENSP00000212015,37,True
9606.ENSP00000219476,26,False
9606.ENSP00000216714,25,False
9606.ENSP00000254322,16,False
9606.ENSP00000282588,26,False
9606.ENSP00000293379,27,False
9606.ENSP00000282561,19,False
9606.ENSP00000215832,37,True
9606.ENSP00000268182,28,False
9606.ENSP00000262506,11,False
9606.ENSP00000311697,37,True
9606.ENSP00000421491,25,False
9606.ENSP00000323246,4,False
9606.ENSP00000216911,37,True
9606.ENSP00000419446,2,False
9606.ENSP00000360217,2,False
9606.ENSP00000209728,36,False
9606.ENSP00000205636,1,False
9606.ENSP00000249749,13,False
9606.ENSP00000205143,8,False
9606.ENSP00000254301,28,False
9606.ENSP00000351497,31,False
9606.ENSP00000312002,31,False
9606.ENSP00000358294,16,False
9606.ENSP00000419085,26,False
9606.ENSP00000221978,14,False
9606.ENSP00000274306,25,False
9606.ENSP00000231009,23,False
9606.ENSP00000358490,36,False
9606.ENSP00000300692,25,False
9606.ENSP00000431445,24,False
9606.ENSP00000354566,31,False
9606.ENSP00000283285,13,False
9606.ENSP00000264025,12,False
9606.ENSP00000356991,2,False
9606.ENSP00000347948,20,False
9606.ENSP00000324890,37,True
9606.ENSP00000420298,8,False
9606.ENSP00000357012,12,False
9606.ENSP00000246657,37,True
9606.ENSP00000266551,26,False
9606.ENSP00000331172,16,False
9606.ENSP00000266557,37,True
9606.ENSP00000319476,37,True
9606.ENSP00000315190,26,False
9606.ENSP00000324101,14,False
9606.ENSP00000327290,22,False
9606.ENSP00000225964,27,False
9606.ENSP00000330382,37,True
9606.ENSP00000245479,21,False
9606.ENSP00000314897,31,False
9606.ENSP00000428340,34,False
9606.ENSP00000271450,30,False
9606.ENSP00000188790,2,False
9606.ENSP00000179259,8,False
9606.ENSP00000290573,13,False
9606.ENSP00000328207,25,False
9606.ENSP00000480791,37,True
9606.ENSP00000346508,32,False
9606.ENSP00000262741,37,True
9606.ENSP00000262039,22,False
9606.ENSP00000265371,32,False
9606.ENSP00000334122,37,True
9606.ENSP00000352414,37,True
9606.ENSP00000274625,37,True
9606.ENSP00000180166,37,True
9606.ENSP00000221930,37,True
9606.ENSP00000215530,37,True
9606.ENSP00000399324,37,True
9606.ENSP00000228837,37,True
9606.ENSP00000352071,33,False
9606.ENSP00000263851,37,True
9606.ENSP00000383185,2,False
9606.ENSP00000480680,2,False
9606.ENSP00000245451,23,False
9606.ENSP00000262120,1,False
9606.ENSP00000172229,37,True
9606.ENSP00000351602,23,False
9606.ENSP00000242261,28,False
9606.ENSP00000168712,37,True
9606.ENSP00000253719,8,False
9606.ENSP00000216492,10,False
9606.ENSP00000221992,13,False
9606.ENSP00000167588,10,False
9606.ENSP00000252242,9,False
9606.ENSP00000369317,3,False
9606.ENSP00000308452,4,False
9606.ENSP00000343129,3,False
9606.ENSP00000264012,7,False
9606.ENSP00000200181,26,False
9606.ENSP00000366465,1,False
9606.ENSP00000167586,5,False
9606.ENSP00000308351,15,False
9606.ENSP00000304226,2,False
9606.ENSP00000276431,20,False
9606.ENSP00000241261,19,False
9606.ENSP00000216274,23,False
9606.ENSP00000219548,26,False
9606.ENSP00000216797,37,True
9606.ENSP00000218388,30,False
9606.ENSP00000219070,36,False
9606.ENSP00000403495,31,False
9606.ENSP00000245817,21,False
9606.ENSP00000281834,21,False
9606.ENSP00000320084,25,False
9606.ENSP00000359364,18,False
9606.ENSP00000242848,18,False
9606.ENSP00000297591,18,False
9606.ENSP00000263092,17,False
9606.ENSP00000349594,1,False
9606.ENSP00000216489,13,False
9606.ENSP00000379282,1,False
9606.ENSP00000161863,17,False
9606.ENSP00000199764,4,False
9606.ENSP00000333919,24,False
9606.ENSP00000161559,7,False
9606.ENSP00000433277,8,False
9606.ENSP00000075120,6,False
9606.ENSP00000496848,17,False
9606.ENSP00000458537,3,False
9606.ENSP00000299565,5,False
9606.ENSP00000373640,5,False
9606.ENSP00000385026,2,False
9606.ENSP00000261751,5,False
9606.ENSP00000210313,2,False
9606.ENSP00000261601,9,False
9606.ENSP00000258886,7,False
9606.ENSP00000044462,9,False
9606.ENSP00000225474,37,True
9606.ENSP00000216225,28,False
9606.ENSP00000211998,27,False
9606.ENSP00000501245,25,False
9606.ENSP00000252891,12,False
9606.ENSP00000027335,22,False
9606.ENSP00000247178,15,False
9606.ENSP00000283290,15,False
9606.ENSP00000384651,1,False
9606.ENSP00000253063,14,False
9606.ENSP00000025008,18,False
9606.ENSP00000367832,33,False
9606.ENSP00000020945,27,False
9606.ENSP00000233146,28,False
9606.ENSP00000265081,25,False
9606.ENSP00000234420,28,False
9606.ENSP00000262887,25,False
9606.ENSP00000231790,26,False
9606.ENSP00000331111,1,False
9606.ENSP00000013807,25,False
9606.ENSP00000357152,27,False
9606.ENSP00000393566,17,False
9606.ENSP00000364114,14,False
9606.ENSP00000364076,17,False
9606.ENSP00000368450,22,False
9606.ENSP00000348635,1,False
9606.ENSP00000227155,11,False
9606.ENSP00000349967,36,False
9606.ENSP00000228434,37,True
9606.ENSP00000177694,37,True
9606.ENSP00000216341,37,True
9606.ENSP00000226730,37,True
9606.ENSP00000231454,37,True
9606.ENSP00000203629,28,False
9606.ENSP00000250092,37,True
9606.ENSP00000479955,28,False
9606.ENSP00000302234,37,True
9606.ENSP00000280357,37,True
9606.ENSP00000381133,3,False
9606.ENSP00000470129,1,False
9606.ENSP00000256474,19,False
9606.ENSP00000265070,3,False
9606.ENSP00000312082,26,False
9606.ENSP00000444788,2,False
9606.ENSP00000296026,37,True
9606.ENSP00000085219,23,False
9606.ENSP00000221972,25,False
9606.ENSP00000374125,1,False
9606.ENSP00000221132,20,False
9606.ENSP00000162749,37,True
9606.ENSP00000225275,30,False
9606.ENSP00000011653,37,True
9606.ENSP00000229829,17,False
9606.ENSP00000286758,37,True
9606.ENSP00000219235,37,True
9606.ENSP00000219244,37,True
9606.ENSP00000396330,9,False
9606.ENSP00000390613,3,False
9606.ENSP00000215754,12,False
9606.ENSP00000259951,17,False
9606.ENSP00000245539,8,False
9606.ENSP00000259873,1,False
9606.ENSP00000333926,1,False
9606.ENSP00000285238,1,False
9606.ENSP00000009530,18,False
9606.ENSP00000296027,37,True
9606.ENSP00000295683,37,True
9606.ENSP00000293778,32,False
9606.ENSP00000006053,37,True
9606.ENSP00000341292,1,False
9606.ENSP00000220772,12,False
9606.ENSP00000005340,17,False
9606.ENSP00000230449,4,False
9606.ENSP00000410689,1,False
9606.ENSP00000005257,17,False
9606.ENSP00000499289,1,False
9606.ENSP00000003302,8,False
9606.ENSP00000003084,16,False
