node,louvain,greedy,leiden,infomap,DCSBM
9606.ENSP00000439170,0,8,8,0,355
9606.ENSP00000495202,0,8,8,0,355
9606.ENSP00000421326,1,2,0,1,1510
9606.ENSP00000432660,1,2,0,1,1510
9606.ENSP00000384881,2,1,0,2,1264
9606.ENSP00000426809,2,1,0,2,1264
9606.ENSP00000367972,3,0,1,3,1271
9606.ENSP00000381382,3,0,1,3,1064
9606.ENSP00000383820,3,0,1,3,323
9606.ENSP00000430432,3,0,1,3,323
9606.ENSP00000405330,3,0,1,3,69
9606.ENSP00000370624,3,0,1,3,323
9606.ENSP00000360020,2,2,0,2,1230
9606.ENSP00000501150,2,2,0,2,1230
9606.ENSP00000354376,2,2,0,1,1264
9606.ENSP00000405738,2,2,0,1,1264
9606.ENSP00000353959,1,1,0,1,1510
9606.ENSP00000496414,1,1,0,1,1510
9606.ENSP00000391249,1,0,1,4,1435
9606.ENSP00000437955,3,0,1,3,438
9606.ENSP00000357668,2,2,0,2,1510
9606.ENSP00000370542,2,1,0,2,643
9606.ENSP00000428056,2,2,0,2,1230
9606.ENSP00000376345,2,2,0,2,1230
9606.ENSP00000340983,4,1,2,5,1492
9606.ENSP00000369213,4,1,2,5,1568
9606.ENSP00000337746,2,2,0,2,1510
9606.ENSP00000422793,2,2,0,2,1230
9606.ENSP00000334474,3,0,1,6,1271
9606.ENSP00000363822,3,1,1,3,760
9606.ENSP00000376077,3,0,1,3,760
9606.ENSP00000498587,5,0,1,6,1271
9606.ENSP00000358794,9,2,5,7,66
9606.ENSP00000367608,9,0,5,8,66
9606.ENSP00000445175,9,2,5,7,66
9606.ENSP00000416293,9,2,5,7,66
9606.ENSP00000476295,3,0,1,3,323
9606.ENSP00000499501,3,0,1,3,38
9606.ENSP00000437550,3,0,1,4,40
9606.ENSP00000478927,3,0,1,4,40
9606.ENSP00000499786,1,0,1,4,40
9606.ENSP00000370340,3,0,1,3,956
9606.ENSP00000437621,3,0,1,3,956
9606.ENSP00000321835,7,0,6,9,103
9606.ENSP00000361066,3,0,1,3,69
9606.ENSP00000400142,7,0,6,10,956
9606.ENSP00000381588,2,1,0,9,103
9606.ENSP00000368667,4,1,2,11,355
9606.ENSP00000386559,4,1,2,5,843
9606.ENSP00000370989,4,1,2,5,843
9606.ENSP00000485952,9,2,5,7,66
9606.ENSP00000495530,9,1,5,7,66
9606.ENSP00000496597,9,2,5,7,66
9606.ENSP00000358470,4,1,2,5,1741
9606.ENSP00000497102,4,1,2,5,1741
9606.ENSP00000380855,4,1,2,5,1741
9606.ENSP00000485129,4,1,2,5,1741
9606.ENSP00000378854,9,3,5,7,66
9606.ENSP00000493382,9,3,5,7,66
9606.ENSP00000380070,9,1,5,12,374
9606.ENSP00000315743,8,0,3,13,1435
9606.ENSP00000383611,8,0,4,13,1435
9606.ENSP00000339527,1,0,3,3,69
9606.ENSP00000377617,9,3,5,7,66
9606.ENSP00000485525,9,2,5,7,66
9606.ENSP00000396308,9,3,5,7,66
9606.ENSP00000377845,9,3,5,7,66
9606.ENSP00000370253,1,2,3,14,232
9606.ENSP00000500582,1,2,3,14,1453
9606.ENSP00000451828,1,1,3,14,1270
9606.ENSP00000375892,1,2,3,14,1453
9606.ENSP00000311746,7,0,6,10,956
9606.ENSP00000384863,7,0,6,10,956
9606.ENSP00000311313,2,1,0,9,103
9606.ENSP00000376911,2,1,0,9,103
9606.ENSP00000357981,2,1,0,9,103
9606.ENSP00000324729,3,0,1,4,40
9606.ENSP00000372035,3,0,1,4,40
9606.ENSP00000349547,8,0,1,4,40
9606.ENSP00000344666,3,0,0,4,40
9606.ENSP00000361027,3,0,1,4,40
9606.ENSP00000419465,3,0,1,4,40
9606.ENSP00000435233,3,0,1,4,40
9606.ENSP00000311010,3,0,1,3,232
9606.ENSP00000370408,3,0,1,15,232
9606.ENSP00000368632,3,0,1,3,967
9606.ENSP00000388620,3,0,1,3,232
9606.ENSP00000352926,3,0,1,3,1064
9606.ENSP00000317379,9,3,5,16,66
9606.ENSP00000444408,9,3,5,16,66
9606.ENSP00000354681,3,0,3,12,210
9606.ENSP00000441875,3,0,3,12,210
9606.ENSP00000372191,3,0,1,3,760
9606.ENSP00000306991,8,0,4,13,571
9606.ENSP00000398632,2,1,0,5,643
9606.ENSP00000377492,8,0,4,13,571
9606.ENSP00000306968,8,2,3,14,571
9606.ENSP00000328228,8,0,4,13,571
9606.ENSP00000379287,1,2,3,14,53
9606.ENSP00000390784,7,2,6,17,103
9606.ENSP00000393241,7,0,6,17,954
9606.ENSP00000302846,1,2,3,14,202
9606.ENSP00000360141,1,2,0,14,202
9606.ENSP00000356438,4,1,2,5,1270
9606.ENSP00000409581,1,1,3,14,1453
9606.ENSP00000362680,1,1,0,1,531
9606.ENSP00000359719,1,2,3,14,202
9606.ENSP00000366488,1,2,3,14,202
9606.ENSP00000309591,1,2,3,14,202
9606.ENSP00000302289,2,1,0,7,66
9606.ENSP00000441065,2,1,0,7,66
9606.ENSP00000463978,2,2,5,7,66
9606.ENSP00000333769,2,1,0,7,66
9606.ENSP00000346839,2,1,0,18,643
9606.ENSP00000301659,1,1,3,12,1492
9606.ENSP00000339587,1,1,3,12,1492
9606.ENSP00000433138,1,1,3,12,1568
9606.ENSP00000319170,9,3,5,7,66
9606.ENSP00000333667,9,3,5,7,66
9606.ENSP00000468425,8,0,4,13,583
9606.ENSP00000365770,9,3,5,7,66
9606.ENSP00000357711,9,0,2,19,103
9606.ENSP00000364210,9,1,2,19,1609
9606.ENSP00000442424,4,1,2,5,899
9606.ENSP00000314029,3,0,1,3,323
9606.ENSP00000436786,3,0,1,3,323
9606.ENSP00000351446,3,0,1,3,323
9606.ENSP00000348056,3,0,1,3,760
9606.ENSP00000326804,8,0,4,13,1435
9606.ENSP00000337088,3,0,1,3,760
9606.ENSP00000335153,1,1,3,12,53
9606.ENSP00000296839,9,3,5,20,1208
9606.ENSP00000478561,9,3,5,20,1208
9606.ENSP00000303963,2,6,0,9,103
9606.ENSP00000416066,2,1,0,18,103
9606.ENSP00000354294,2,6,0,9,103
9606.ENSP00000458537,2,6,0,9,103
9606.ENSP00000380432,2,2,0,2,1665
9606.ENSP00000366179,2,6,0,9,103
9606.ENSP00000345344,2,1,0,9,103
9606.ENSP00000295746,8,0,4,13,1435
9606.ENSP00000478887,3,0,1,3,438
9606.ENSP00000300093,8,0,4,13,583
9606.ENSP00000303424,3,3,1,3,323
9606.ENSP00000320147,3,0,1,3,760
9606.ENSP00000345502,1,2,3,14,202
9606.ENSP00000403701,1,1,3,14,1453
9606.ENSP00000426909,7,0,6,17,954
9606.ENSP00000295206,5,4,7,15,1052
9606.ENSP00000321797,2,2,0,2,1660
9606.ENSP00000400341,3,0,1,15,232
9606.ENSP00000291442,1,2,0,1,1510
9606.ENSP00000471457,1,2,0,1,1510
9606.ENSP00000350310,1,2,3,14,202
9606.ENSP00000294016,1,2,3,14,202
9606.ENSP00000315299,1,2,3,14,202
9606.ENSP00000369689,1,2,3,14,202
9606.ENSP00000419081,1,2,3,14,202
9606.ENSP00000304643,1,2,3,14,202
9606.ENSP00000305372,1,2,0,14,202
9606.ENSP00000408695,1,2,3,14,202
9606.ENSP00000365773,9,3,5,7,66
9606.ENSP00000379065,3,0,1,17,323
9606.ENSP00000429931,7,0,6,17,954
9606.ENSP00000405327,7,1,6,10,956
9606.ENSP00000483552,2,1,0,9,1671
9606.ENSP00000305302,9,3,5,16,66
9606.ENSP00000496166,9,2,5,7,66
9606.ENSP00000306920,2,2,0,18,103
9606.ENSP00000351807,2,1,0,18,1671
9606.ENSP00000376352,9,2,5,7,66
9606.ENSP00000290295,3,1,1,3,40
9606.ENSP00000283928,3,0,1,3,323
9606.ENSP00000316578,3,0,1,3,323
9606.ENSP00000380494,3,0,1,3,323
9606.ENSP00000340330,3,0,1,3,38
9606.ENSP00000320295,1,1,3,12,374
9606.ENSP00000340820,1,1,3,12,210
9606.ENSP00000357206,2,1,0,2,1064
9606.ENSP00000494750,1,1,0,1,374
9606.ENSP00000437125,1,1,3,12,210
9606.ENSP00000323588,3,0,1,3,1064
9606.ENSP00000280362,1,3,0,2,968
9606.ENSP00000309116,1,3,3,3,968
9606.ENSP00000369927,9,3,5,20,1208
9606.ENSP00000360683,2,1,0,2,1230
9606.ENSP00000489597,2,1,0,2,1230
9606.ENSP00000356162,9,2,0,14,232
9606.ENSP00000359211,9,3,5,20,1208
9606.ENSP00000369643,9,2,0,14,232
9606.ENSP00000336740,1,2,0,1,1510
9606.ENSP00000469413,1,2,0,1,1510
9606.ENSP00000382697,1,2,0,1,531
9606.ENSP00000400175,1,2,0,1,531
9606.ENSP00000360609,1,1,3,12,53
9606.ENSP00000497733,1,2,0,1,531
9606.ENSP00000348461,1,2,0,1,1510
9606.ENSP00000312981,7,0,6,10,956
9606.ENSP00000400591,7,0,6,10,956
9606.ENSP00000345728,7,3,6,17,988
9606.ENSP00000416255,7,0,6,17,954
9606.ENSP00000384092,1,2,0,14,1665
9606.ENSP00000425561,7,0,6,17,954
9606.ENSP00000275525,2,2,0,2,1665
9606.ENSP00000376637,2,2,0,2,518
9606.ENSP00000391826,2,2,0,2,1660
9606.ENSP00000497069,2,2,0,2,946
9606.ENSP00000379138,9,2,0,15,232
9606.ENSP00000368880,1,0,3,3,69
9606.ENSP00000336790,1,2,3,14,210
9606.ENSP00000349437,2,2,0,2,1665
9606.ENSP00000370473,2,1,0,18,1198
9606.ENSP00000302150,4,1,0,5,1665
9606.ENSP00000369816,9,2,0,19,1665
9606.ENSP00000337446,2,2,0,2,1230
9606.ENSP00000403459,2,2,0,2,1230
9606.ENSP00000344215,3,7,1,21,323
9606.ENSP00000411256,1,2,3,22,356
9606.ENSP00000379003,3,7,1,21,323
9606.ENSP00000310447,9,3,5,16,66
9606.ENSP00000324203,8,0,4,23,254
9606.ENSP00000494538,3,0,1,3,323
9606.ENSP00000362578,8,0,4,23,254
9606.ENSP00000451291,7,0,6,10,956
9606.ENSP00000365588,8,0,4,23,254
9606.ENSP00000364912,3,0,1,3,1271
9606.ENSP00000384018,3,0,1,3,967
9606.ENSP00000325819,3,0,1,3,967
9606.ENSP00000357709,2,1,0,12,355
9606.ENSP00000366109,2,1,0,12,355
9606.ENSP00000417498,2,2,0,15,232
9606.ENSP00000484824,2,1,0,15,232
9606.ENSP00000494061,9,2,0,15,232
9606.ENSP00000485659,9,2,0,15,232
9606.ENSP00000349131,5,4,7,24,1181
9606.ENSP00000463069,5,4,7,24,1181
9606.ENSP00000356247,5,4,7,24,1181
9606.ENSP00000361818,2,1,0,18,1671
9606.ENSP00000495360,5,0,1,3,40
9606.ENSP00000276603,8,0,4,23,254
9606.ENSP00000311579,8,0,4,23,40
9606.ENSP00000360689,5,0,4,23,40
9606.ENSP00000309572,8,0,4,3,438
9606.ENSP00000298139,8,0,4,23,872
9606.ENSP00000278616,8,0,4,23,254
9606.ENSP00000498042,8,0,4,23,872
9606.ENSP00000375978,8,0,4,23,254
9606.ENSP00000352257,8,0,4,23,254
9606.ENSP00000418960,8,0,4,23,254
9606.ENSP00000371475,8,0,4,23,254
9606.ENSP00000362441,8,0,4,23,254
9606.ENSP00000482313,8,0,4,23,872
9606.ENSP00000305480,8,0,4,23,940
9606.ENSP00000313420,8,0,4,23,254
9606.ENSP00000351284,8,0,4,23,872
9606.ENSP00000349078,9,2,1,19,103
9606.ENSP00000354476,9,2,1,19,103
9606.ENSP00000265896,9,2,1,19,103
9606.ENSP00000287936,9,2,1,19,103
9606.ENSP00000348069,9,0,1,19,103
9606.ENSP00000304592,9,2,1,19,103
9606.ENSP00000339787,9,2,1,19,103
9606.ENSP00000346103,9,3,5,25,988
9606.ENSP00000486891,3,0,1,3,1064
9606.ENSP00000399518,3,0,1,3,323
9606.ENSP00000484803,3,0,1,3,1064
9606.ENSP00000265138,1,2,3,14,202
9606.ENSP00000424827,1,2,0,14,1230
9606.ENSP00000355904,3,0,1,3,967
9606.ENSP00000384851,3,0,1,3,967
9606.ENSP00000385216,3,0,1,3,967
9606.ENSP00000370270,3,0,1,3,1064
9606.ENSP00000498476,1,2,3,22,356
9606.ENSP00000469158,3,0,1,3,760
9606.ENSP00000328835,8,0,4,23,872
9606.ENSP00000411532,8,0,4,13,583
9606.ENSP00000355506,8,0,4,23,940
9606.ENSP00000380281,1,3,0,14,202
9606.ENSP00000264218,1,3,0,14,202
9606.ENSP00000422591,1,2,0,1,1510
9606.ENSP00000332164,1,2,0,1,1052
9606.ENSP00000420321,1,2,0,1,1510
9606.ENSP00000272233,1,2,0,1,1510
9606.ENSP00000463939,1,2,0,1,1510
9606.ENSP00000317985,1,2,0,1,531
9606.ENSP00000376457,8,0,4,13,571
9606.ENSP00000286827,1,2,0,1,531
9606.ENSP00000298159,1,2,0,1,1510
9606.ENSP00000268613,1,2,0,1,1264
9606.ENSP00000389814,9,1,1,19,103
9606.ENSP00000304669,1,2,0,1,1264
9606.ENSP00000418915,8,0,4,3,438
9606.ENSP00000382004,1,2,0,1,1264
9606.ENSP00000263798,4,1,2,9,295
9606.ENSP00000331831,2,1,0,9,1627
9606.ENSP00000496577,4,1,2,5,295
9606.ENSP00000330341,4,1,2,5,295
9606.ENSP00000301396,3,0,1,3,760
9606.ENSP00000333633,3,0,1,3,323
9606.ENSP00000379975,1,2,0,1,1510
9606.ENSP00000383042,3,0,1,3,323
9606.ENSP00000349085,4,1,2,11,355
9606.ENSP00000402758,4,1,2,11,355
9606.ENSP00000263321,4,1,2,11,355
9606.ENSP00000391803,3,0,1,3,69
9606.ENSP00000473093,4,1,2,11,355
9606.ENSP00000380093,3,0,1,3,1064
9606.ENSP00000332602,4,1,2,11,355
9606.ENSP00000379873,4,1,2,5,1741
9606.ENSP00000379601,2,1,0,11,355
9606.ENSP00000494373,8,0,4,7,66
9606.ENSP00000376765,4,1,2,5,295
9606.ENSP00000384273,3,1,1,3,69
9606.ENSP00000310301,3,0,1,3,323
9606.ENSP00000329357,3,0,1,3,69
9606.ENSP00000362649,3,0,1,3,760
9606.ENSP00000307197,9,0,5,8,66
9606.ENSP00000364801,1,1,3,12,210
9606.ENSP00000262815,9,0,5,8,323
9606.ENSP00000297338,3,0,1,3,38
9606.ENSP00000307411,3,0,1,3,323
9606.ENSP00000381657,3,0,1,3,323
9606.ENSP00000343619,3,0,1,26,323
9606.ENSP00000262809,3,0,1,3,323
9606.ENSP00000362361,3,0,1,3,38
9606.ENSP00000269305,3,1,1,3,438
9606.ENSP00000263253,3,0,1,3,760
9606.ENSP00000461879,3,0,1,3,760
9606.ENSP00000280097,3,0,1,3,323
9606.ENSP00000352516,3,0,1,3,323
9606.ENSP00000322898,3,0,1,3,967
9606.ENSP00000350844,3,1,1,3,967
9606.ENSP00000442788,3,0,1,3,967
9606.ENSP00000427514,3,0,1,3,967
9606.ENSP00000386165,3,0,1,3,967
9606.ENSP00000384371,3,1,2,3,967
9606.ENSP00000478289,4,1,2,5,843
9606.ENSP00000370896,3,0,1,3,967
9606.ENSP00000387699,3,0,1,3,69
9606.ENSP00000316357,3,0,1,4,40
9606.ENSP00000341551,3,0,1,3,40
9606.ENSP00000358022,1,1,3,12,1449
9606.ENSP00000494040,7,0,6,10,956
9606.ENSP00000354621,2,0,0,4,40
9606.ENSP00000357565,8,0,3,12,1568
9606.ENSP00000343535,3,0,1,3,760
9606.ENSP00000360526,3,0,1,3,323
9606.ENSP00000370003,1,2,3,22,356
9606.ENSP00000381185,1,1,3,12,1449
9606.ENSP00000374455,1,1,3,22,53
9606.ENSP00000471700,1,2,3,14,356
9606.ENSP00000425107,1,2,3,22,356
9606.ENSP00000265843,2,1,0,11,355
9606.ENSP00000262094,2,1,0,11,355
9606.ENSP00000447730,2,1,0,12,355
9606.ENSP00000300231,1,2,3,22,356
9606.ENSP00000355231,1,1,3,22,356
9606.ENSP00000357625,1,2,3,22,356
9606.ENSP00000358072,1,1,3,22,356
9606.ENSP00000363970,1,2,3,22,356
9606.ENSP00000346437,1,2,3,22,356
9606.ENSP00000324560,1,2,3,22,356
9606.ENSP00000354558,1,2,3,14,356
9606.ENSP00000263864,1,2,3,27,355
9606.ENSP00000263897,1,2,3,27,355
9606.ENSP00000352572,1,2,3,14,202
9606.ENSP00000493946,7,2,6,10,956
9606.ENSP00000355966,8,0,4,13,571
9606.ENSP00000355518,9,2,5,7,66
9606.ENSP00000364649,9,2,5,7,66
9606.ENSP00000356953,9,2,5,7,66
9606.ENSP00000390265,9,2,5,7,66
9606.ENSP00000378408,9,2,5,7,1665
9606.ENSP00000466259,9,2,5,7,66
9606.ENSP00000473348,9,2,5,7,66
9606.ENSP00000362413,9,2,5,7,66
9606.ENSP00000270349,2,3,5,20,1208
9606.ENSP00000354511,9,3,5,20,1208
9606.ENSP00000373489,9,2,0,15,232
9606.ENSP00000449404,9,1,0,15,232
9606.ENSP00000351015,2,0,0,2,438
9606.ENSP00000495564,2,2,0,1,1264
9606.ENSP00000410294,2,2,0,2,946
9606.ENSP00000378577,2,1,0,1,1264
9606.ENSP00000409544,2,1,0,1,1264
9606.ENSP00000342143,9,3,5,20,1208
9606.ENSP00000494609,9,3,5,20,1208
9606.ENSP00000497274,9,3,5,20,1208
9606.ENSP00000348416,1,1,0,1,1264
9606.ENSP00000498246,9,3,5,20,1208
9606.ENSP00000295522,2,1,0,1,1264
9606.ENSP00000347379,2,1,0,1,1264
9606.ENSP00000357005,2,1,0,1,1264
9606.ENSP00000360269,2,2,0,1,1264
9606.ENSP00000371958,2,1,0,1,355
9606.ENSP00000296585,2,1,0,1,1627
9606.ENSP00000380131,2,1,0,1,1264
9606.ENSP00000417050,2,1,0,1,355
9606.ENSP00000351209,2,2,0,2,946
9606.ENSP00000353475,2,1,0,1,1264
9606.ENSP00000379350,2,1,0,1,1627
9606.ENSP00000359380,9,2,1,19,103
9606.ENSP00000483300,9,2,1,19,103
9606.ENSP00000385523,9,0,1,19,103
9606.ENSP00000280612,9,3,5,16,66
9606.ENSP00000367123,2,3,5,16,66
9606.ENSP00000380252,9,3,5,25,988
9606.ENSP00000261622,9,3,5,16,66
9606.ENSP00000404854,1,0,1,16,374
9606.ENSP00000265641,9,2,1,19,103
9606.ENSP00000415743,9,1,2,19,1609
9606.ENSP00000287820,3,0,1,3,69
9606.ENSP00000356224,1,0,4,28,254
9606.ENSP00000357283,1,0,4,28,254
9606.ENSP00000467141,1,2,3,28,1510
9606.ENSP00000331242,5,4,7,24,1181
9606.ENSP00000363081,5,4,7,24,1181
9606.ENSP00000433112,5,4,7,24,1181
9606.ENSP00000301945,2,4,0,9,1671
9606.ENSP00000269593,2,2,0,2,1052
9606.ENSP00000378488,9,3,5,20,1208
9606.ENSP00000414303,2,2,0,2,518
9606.ENSP00000362549,9,3,5,20,1208
9606.ENSP00000362508,9,3,5,20,1208
9606.ENSP00000362525,9,3,5,20,1208
9606.ENSP00000343412,8,0,4,23,254
9606.ENSP00000421926,8,0,4,23,254
9606.ENSP00000369857,8,0,4,23,872
9606.ENSP00000352408,8,0,4,23,872
9606.ENSP00000493712,8,0,4,23,940
9606.ENSP00000369497,8,0,4,23,940
9606.ENSP00000365851,3,0,1,3,323
9606.ENSP00000348838,8,0,4,13,571
9606.ENSP00000363787,3,0,1,3,38
9606.ENSP00000372023,8,0,4,23,940
9606.ENSP00000382628,8,0,4,23,872
9606.ENSP00000434024,8,0,4,23,254
9606.ENSP00000466399,8,0,4,23,872
9606.ENSP00000466834,8,0,4,23,872
9606.ENSP00000417132,3,0,1,3,323
9606.ENSP00000264331,8,0,4,23,254
9606.ENSP00000354522,8,0,4,23,254
9606.ENSP00000355759,8,0,4,23,254
9606.ENSP00000343896,3,0,1,3,760
9606.ENSP00000360944,8,0,4,13,571
9606.ENSP00000378699,8,0,4,13,583
9606.ENSP00000416002,9,3,5,20,1208
9606.ENSP00000498939,9,3,5,20,1208
9606.ENSP00000496150,9,3,5,20,1208
9606.ENSP00000356954,2,1,0,18,1671
9606.ENSP00000382800,3,0,1,3,1064
9606.ENSP00000398495,1,1,3,12,1492
9606.ENSP00000477613,1,1,3,12,1568
9606.ENSP00000499058,1,1,3,12,1492
9606.ENSP00000448165,1,1,3,12,1492
9606.ENSP00000433623,1,1,3,12,1568
9606.ENSP00000430684,1,1,3,12,1568
9606.ENSP00000259486,4,1,0,14,232
9606.ENSP00000363553,4,1,0,14,1665
9606.ENSP00000352271,8,0,4,23,872
9606.ENSP00000451974,8,0,4,23,872
9606.ENSP00000419881,8,0,4,23,872
9606.ENSP00000368100,8,0,4,23,872
9606.ENSP00000472445,8,0,4,23,872
9606.ENSP00000406162,3,0,1,3,760
9606.ENSP00000497641,7,0,6,10,956
9606.ENSP00000440542,3,0,1,3,323
9606.ENSP00000356520,7,0,6,10,956
9606.ENSP00000391090,8,0,4,13,940
9606.ENSP00000405726,8,0,4,13,583
9606.ENSP00000271628,7,0,6,10,956
9606.ENSP00000361626,7,0,6,10,956
9606.ENSP00000258829,3,0,1,29,323
9606.ENSP00000355245,3,0,1,29,323
9606.ENSP00000419184,3,0,1,3,323
9606.ENSP00000344401,7,0,6,10,956
9606.ENSP00000425979,7,0,6,10,956
9606.ENSP00000437256,7,0,6,10,956
9606.ENSP00000258499,8,0,4,13,1435
9606.ENSP00000361540,8,0,4,13,583
9606.ENSP00000268712,3,0,1,3,967
9606.ENSP00000402084,8,0,4,13,583
9606.ENSP00000258415,9,2,1,30,103
9606.ENSP00000357255,2,2,0,30,1052
9606.ENSP00000433208,2,2,0,30,1052
9606.ENSP00000356150,8,0,4,4,254
9606.ENSP00000367545,8,0,1,4,40
9606.ENSP00000384849,8,0,4,13,1435
9606.ENSP00000361021,1,0,0,14,399
9606.ENSP00000404503,1,1,3,12,1492
9606.ENSP00000306682,8,0,4,23,254
9606.ENSP00000360493,2,0,1,3,40
9606.ENSP00000311825,3,0,1,3,323
9606.ENSP00000354487,3,0,1,3,1064
9606.ENSP00000340347,3,0,1,3,1064
9606.ENSP00000345206,3,0,1,3,1271
9606.ENSP00000314080,3,0,1,3,323
9606.ENSP00000327213,3,0,1,3,967
9606.ENSP00000487174,3,0,1,3,1064
9606.ENSP00000315644,8,0,4,13,583
9606.ENSP00000284440,1,1,3,12,210
9606.ENSP00000437402,9,2,5,7,66
9606.ENSP00000284981,1,1,0,18,1270
9606.ENSP00000350512,8,0,4,12,1435
9606.ENSP00000392025,1,1,3,12,1568
9606.ENSP00000462729,1,0,3,12,1568
9606.ENSP00000357704,2,1,0,12,355
9606.ENSP00000379097,2,2,0,2,1660
9606.ENSP00000446007,1,1,3,12,374
9606.ENSP00000418582,8,0,1,3,40
9606.ENSP00000457230,3,0,1,3,40
9606.ENSP00000265689,8,0,4,13,1435
9606.ENSP00000324806,1,0,3,14,40
9606.ENSP00000266970,8,0,4,13,1435
9606.ENSP00000265734,8,0,4,13,1435
9606.ENSP00000379038,8,3,4,31,66
9606.ENSP00000299697,8,3,4,31,66
9606.ENSP00000364212,8,3,4,31,66
9606.ENSP00000360250,4,1,2,5,1741
9606.ENSP00000264036,4,1,0,1,1627
9606.ENSP00000457421,2,1,0,2,643
9606.ENSP00000362299,2,1,0,2,643
9606.ENSP00000284240,4,1,0,5,643
9606.ENSP00000310036,4,1,2,5,1322
9606.ENSP00000411355,4,1,2,5,1322
9606.ENSP00000264634,5,4,7,24,1181
9606.ENSP00000285735,1,2,0,1,1510
9606.ENSP00000497290,2,1,0,1,1264
9606.ENSP00000423673,9,2,5,7,66
9606.ENSP00000378487,1,1,3,12,210
9606.ENSP00000321106,1,2,0,14,1665
9606.ENSP00000355627,4,1,0,14,1665
9606.ENSP00000379472,1,1,0,14,374
9606.ENSP00000358525,2,2,0,2,1660
9606.ENSP00000387662,1,2,0,14,1665
9606.ENSP00000363089,4,1,2,5,1403
9606.ENSP00000418525,4,1,2,5,1322
9606.ENSP00000256999,2,2,0,15,232
9606.ENSP00000314151,2,1,0,15,232
9606.ENSP00000301258,2,2,0,15,232
9606.ENSP00000269571,2,2,0,2,946
9606.ENSP00000377284,2,2,0,15,232
9606.ENSP00000295897,2,1,0,18,1665
9606.ENSP00000481114,2,2,0,15,232
9606.ENSP00000332963,2,2,0,15,232
9606.ENSP00000298223,2,2,0,15,232
9606.ENSP00000275493,2,1,0,2,399
9606.ENSP00000353731,2,1,0,5,1609
9606.ENSP00000372313,2,2,0,15,232
9606.ENSP00000478699,4,1,2,5,1741
9606.ENSP00000375795,4,1,2,5,295
9606.ENSP00000412237,4,1,2,5,899
9606.ENSP00000499900,4,1,2,5,295
9606.ENSP00000256644,1,2,3,14,356
9606.ENSP00000307272,1,2,3,14,356
9606.ENSP00000351742,1,2,3,22,356
9606.ENSP00000360242,1,1,3,12,1492
9606.ENSP00000262187,1,2,3,14,356
9606.ENSP00000322457,3,0,1,3,1064
9606.ENSP00000355601,3,0,1,3,760
9606.ENSP00000398880,8,0,4,23,254
9606.ENSP00000270861,8,0,4,13,571
9606.ENSP00000287598,8,0,4,13,571
9606.ENSP00000481380,8,0,4,13,583
9606.ENSP00000302530,8,0,4,13,571
9606.ENSP00000308938,2,1,0,18,1198
9606.ENSP00000296509,8,0,4,13,571
9606.ENSP00000358813,8,0,4,13,571
9606.ENSP00000359206,8,0,1,3,40
9606.ENSP00000428489,8,0,4,13,571
9606.ENSP00000298048,8,0,4,13,571
9606.ENSP00000377793,8,0,4,13,571
9606.ENSP00000499238,8,0,4,13,571
9606.ENSP00000360540,8,0,4,13,571
9606.ENSP00000404190,8,0,4,13,571
9606.ENSP00000361298,8,0,4,13,571
9606.ENSP00000321656,8,0,4,13,583
9606.ENSP00000288207,8,0,4,13,583
9606.ENSP00000300403,8,0,4,13,571
9606.ENSP00000310842,8,0,4,23,940
9606.ENSP00000335357,8,0,4,13,583
9606.ENSP00000313950,8,0,4,13,571
9606.ENSP00000378356,8,0,4,13,571
9606.ENSP00000363524,8,0,4,13,571
9606.ENSP00000362146,8,0,4,13,571
9606.ENSP00000336868,8,0,4,13,571
9606.ENSP00000355922,8,0,4,13,571
9606.ENSP00000438483,8,0,4,13,583
9606.ENSP00000294489,2,1,0,2,1510
9606.ENSP00000355925,2,2,0,2,1052
9606.ENSP00000338934,1,1,0,1,1510
9606.ENSP00000353408,1,1,0,1,1510
9606.ENSP00000480043,2,2,0,2,1660
9606.ENSP00000364898,4,1,2,5,1301
9606.ENSP00000256178,2,1,0,2,643
9606.ENSP00000261937,2,2,0,2,946
9606.ENSP00000297904,2,2,0,2,1660
9606.ENSP00000265077,2,1,0,18,1671
9606.ENSP00000263923,2,2,0,2,946
9606.ENSP00000259607,4,1,2,5,1161
9606.ENSP00000455897,4,1,2,5,1322
9606.ENSP00000261405,2,1,0,18,643
9606.ENSP00000297258,9,0,1,19,103
9606.ENSP00000310928,9,0,1,19,103
9606.ENSP00000312652,9,1,0,19,1665
9606.ENSP00000256104,9,0,1,19,103
9606.ENSP00000264896,9,1,2,19,1609
9606.ENSP00000261693,9,1,2,19,1609
9606.ENSP00000305422,3,0,1,3,69
9606.ENSP00000264867,3,0,1,3,69
9606.ENSP00000419692,3,0,1,3,967
9606.ENSP00000257904,8,0,4,13,1435
9606.ENSP00000362082,8,0,4,13,1435
9606.ENSP00000301455,9,0,1,1,643
9606.ENSP00000480012,1,2,0,14,1665
9606.ENSP00000441765,2,2,0,30,1052
9606.ENSP00000407586,2,2,0,2,1230
9606.ENSP00000366248,1,2,0,14,202
9606.ENSP00000419060,1,2,3,14,1453
9606.ENSP00000345282,9,2,5,7,66
9606.ENSP00000328169,5,0,1,6,1271
9606.ENSP00000364163,5,0,1,6,1271
9606.ENSP00000386759,3,0,1,3,323
9606.ENSP00000338272,5,0,1,6,1271
9606.ENSP00000357442,3,0,1,3,323
9606.ENSP00000308750,3,0,1,3,38
9606.ENSP00000473391,3,0,1,3,323
9606.ENSP00000352252,3,0,1,3,38
9606.ENSP00000333277,3,0,1,3,38
9606.ENSP00000355657,3,0,1,3,38
9606.ENSP00000339835,3,0,1,3,38
9606.ENSP00000433760,3,0,1,3,323
9606.ENSP00000370710,3,0,1,3,323
9606.ENSP00000386660,3,0,1,3,323
9606.ENSP00000379078,3,0,1,3,323
9606.ENSP00000382688,3,0,1,3,323
9606.ENSP00000426983,3,0,1,3,967
9606.ENSP00000384517,3,0,1,3,967
9606.ENSP00000433205,3,0,1,23,254
9606.ENSP00000381008,9,2,0,15,232
9606.ENSP00000498227,4,1,2,5,1322
9606.ENSP00000295408,2,1,0,5,1627
9606.ENSP00000358165,4,1,2,5,1322
9606.ENSP00000431418,2,2,0,2,946
9606.ENSP00000305988,2,1,0,5,1609
9606.ENSP00000359077,2,1,0,1,1627
9606.ENSP00000481841,4,1,2,5,1609
9606.ENSP00000339191,1,1,0,14,531
9606.ENSP00000361405,2,1,0,18,1198
9606.ENSP00000365458,7,0,6,10,956
9606.ENSP00000362820,7,0,6,10,956
9606.ENSP00000376276,7,0,6,10,956
9606.ENSP00000463982,7,0,6,10,956
9606.ENSP00000483254,7,0,6,10,956
9606.ENSP00000385269,7,0,6,10,956
9606.ENSP00000303507,2,2,0,2,1230
9606.ENSP00000361423,2,2,0,2,1230
9606.ENSP00000401303,2,1,0,2,1230
9606.ENSP00000341208,4,1,2,5,295
9606.ENSP00000419260,2,2,0,2,1230
9606.ENSP00000271640,3,0,1,3,323
9606.ENSP00000337976,3,0,1,3,323
9606.ENSP00000328547,3,0,1,3,323
9606.ENSP00000479617,3,0,1,3,38
9606.ENSP00000378402,3,0,1,3,323
9606.ENSP00000257552,5,0,1,6,1271
9606.ENSP00000451300,5,0,1,6,1271
9606.ENSP00000252809,2,2,0,4,40
9606.ENSP00000351905,2,2,0,4,40
9606.ENSP00000347942,2,2,0,2,1230
9606.ENSP00000261313,1,2,3,14,968
9606.ENSP00000401888,1,2,3,14,1453
9606.ENSP00000302486,1,2,3,14,1453
9606.ENSP00000380466,7,0,6,17,954
9606.ENSP00000262746,9,3,5,25,988
9606.ENSP00000270142,9,1,5,25,988
9606.ENSP00000252590,4,1,2,5,1345
9606.ENSP00000252593,4,1,2,5,1345
9606.ENSP00000356562,9,0,1,19,103
9606.ENSP00000363868,9,2,1,19,103
9606.ENSP00000380948,4,1,2,5,1609
9606.ENSP00000367830,1,2,0,14,1453
9606.ENSP00000252137,3,0,1,3,323
9606.ENSP00000496832,4,1,2,5,1345
9606.ENSP00000428924,2,1,0,2,1301
9606.ENSP00000398568,4,1,2,5,1741
9606.ENSP00000291527,3,0,1,15,232
9606.ENSP00000430690,9,2,1,15,232
9606.ENSP00000391490,9,2,1,15,232
9606.ENSP00000325120,3,0,1,3,69
9606.ENSP00000438804,3,0,1,15,232
9606.ENSP00000480291,3,0,1,15,232
9606.ENSP00000501146,3,0,1,15,232
9606.ENSP00000363149,9,2,1,15,232
9606.ENSP00000357297,5,0,4,23,1181
9606.ENSP00000312987,3,0,1,3,1064
9606.ENSP00000253408,1,1,3,12,374
9606.ENSP00000339063,7,0,6,17,954
9606.ENSP00000263233,9,2,0,15,232
9606.ENSP00000263341,4,1,2,5,1403
9606.ENSP00000348645,1,1,3,12,374
9606.ENSP00000311032,1,1,3,12,1449
9606.ENSP00000385675,4,1,2,5,1403
9606.ENSP00000264498,2,1,0,2,518
9606.ENSP00000265171,2,1,0,2,518
9606.ENSP00000257290,2,1,0,2,56
9606.ENSP00000496959,4,1,2,5,1322
9606.ENSP00000398698,4,1,2,5,1403
9606.ENSP00000405453,9,1,2,19,1609
9606.ENSP00000365280,3,0,1,3,1271
9606.ENSP00000376436,3,0,1,3,967
9606.ENSP00000249501,1,2,0,1,1510
9606.ENSP00000249016,1,2,0,14,202
9606.ENSP00000249373,1,2,3,14,202
9606.ENSP00000287641,1,2,0,14,1665
9606.ENSP00000286548,4,1,0,14,1453
9606.ENSP00000248929,1,2,3,27,355
9606.ENSP00000273047,1,2,0,27,355
9606.ENSP00000261890,1,2,3,27,355
9606.ENSP00000311005,1,2,3,14,356
9606.ENSP00000368884,1,2,3,14,356
9606.ENSP00000440864,3,0,3,3,69
9606.ENSP00000435412,1,2,3,14,356
9606.ENSP00000422435,1,2,3,14,356
9606.ENSP00000247706,6,9,9,32,956
9606.ENSP00000377971,6,9,9,32,956
9606.ENSP00000404833,4,1,2,5,1741
9606.ENSP00000497910,4,1,2,5,1741
9606.ENSP00000478059,1,2,3,14,202
9606.ENSP00000482568,1,2,3,14,202
9606.ENSP00000465261,4,1,2,5,355
9606.ENSP00000263317,1,1,2,19,1665
9606.ENSP00000367851,1,1,5,25,1403
9606.ENSP00000332973,3,0,1,3,40
9606.ENSP00000293328,4,1,2,5,295
9606.ENSP00000406229,1,0,0,1,40
9606.ENSP00000395294,4,1,2,5,1741
9606.ENSP00000424328,7,0,6,17,954
9606.ENSP00000446252,9,3,5,25,988
9606.ENSP00000442920,9,3,5,25,988
9606.ENSP00000394560,1,0,3,3,968
9606.ENSP00000469613,7,1,2,5,295
9606.ENSP00000382342,7,3,6,17,954
9606.ENSP00000285238,7,3,6,17,954
9606.ENSP00000336528,9,3,5,20,1208
9606.ENSP00000348944,5,2,7,24,1181
9606.ENSP00000372547,5,0,1,15,1052
9606.ENSP00000379204,2,2,0,4,1052
9606.ENSP00000441954,2,0,0,4,40
9606.ENSP00000447297,2,2,0,4,40
9606.ENSP00000299001,7,0,6,10,956
9606.ENSP00000245255,7,0,6,10,956
9606.ENSP00000371798,1,1,0,1,1510
9606.ENSP00000244745,3,0,1,3,1064
9606.ENSP00000259915,3,0,1,3,1064
9606.ENSP00000428184,2,1,0,1,355
9606.ENSP00000265165,3,0,1,3,1064
9606.ENSP00000264657,4,1,2,5,1270
9606.ENSP00000384629,3,0,1,3,323
9606.ENSP00000477870,3,0,1,3,38
9606.ENSP00000462355,3,0,1,3,38
9606.ENSP00000262189,3,0,1,3,323
9606.ENSP00000367203,3,0,1,3,323
9606.ENSP00000301067,3,0,1,3,323
9606.ENSP00000262519,3,0,1,3,323
9606.ENSP00000320485,3,0,1,3,760
9606.ENSP00000262367,3,0,1,3,760
9606.ENSP00000300305,3,0,1,3,967
9606.ENSP00000340883,3,0,1,3,323
9606.ENSP00000358151,3,0,1,3,38
9606.ENSP00000358155,3,0,1,3,38
9606.ENSP00000332194,3,0,1,3,38
9606.ENSP00000274031,3,0,1,3,323
9606.ENSP00000344504,3,0,1,3,254
9606.ENSP00000419782,8,0,4,13,1435
9606.ENSP00000421339,3,0,1,3,438
9606.ENSP00000483667,3,0,1,3,323
9606.ENSP00000308583,8,0,4,13,940
9606.ENSP00000373952,8,0,4,23,872
9606.ENSP00000494957,8,0,4,13,940
9606.ENSP00000378295,8,0,4,13,571
9606.ENSP00000305918,3,0,1,3,323
9606.ENSP00000378702,3,0,1,3,323
9606.ENSP00000313983,3,0,1,3,323
9606.ENSP00000365858,3,0,1,3,967
9606.ENSP00000372351,3,0,1,3,323
9606.ENSP00000377001,3,0,1,3,760
9606.ENSP00000345571,8,0,4,13,1435
9606.ENSP00000363193,3,0,1,3,760
9606.ENSP00000386593,3,0,1,3,323
9606.ENSP00000359339,4,1,2,5,1568
9606.ENSP00000471896,4,1,2,5,1345
9606.ENSP00000369581,4,1,2,5,1345
9606.ENSP00000370034,4,1,2,5,1345
9606.ENSP00000380697,4,1,2,5,1345
9606.ENSP00000320898,8,0,4,23,254
9606.ENSP00000361473,3,0,1,3,323
9606.ENSP00000325863,8,0,4,23,872
9606.ENSP00000497402,3,0,1,13,583
9606.ENSP00000384899,3,0,1,3,323
9606.ENSP00000269397,3,0,1,3,38
9606.ENSP00000290921,3,0,1,3,323
9606.ENSP00000269385,3,0,1,3,38
9606.ENSP00000396052,3,0,1,3,323
9606.ENSP00000263754,3,0,1,3,323
9606.ENSP00000360266,3,1,1,3,69
9606.ENSP00000390535,1,1,0,1,1510
9606.ENSP00000453508,1,1,0,1,1510
9606.ENSP00000243924,1,2,3,14,1230
9606.ENSP00000366563,2,2,0,2,1230
9606.ENSP00000243440,4,1,2,5,1403
9606.ENSP00000465894,4,1,2,5,1322
9606.ENSP00000252818,3,0,1,3,968
9606.ENSP00000268638,4,1,2,5,1345
9606.ENSP00000454623,4,1,2,5,1322
9606.ENSP00000263087,4,1,2,5,1322
9606.ENSP00000370343,3,1,2,5,1258
9606.ENSP00000370938,3,0,1,3,760
9606.ENSP00000256495,3,0,1,3,967
9606.ENSP00000478187,3,0,1,3,967
9606.ENSP00000261523,3,0,1,3,967
9606.ENSP00000306253,1,1,3,14,202
9606.ENSP00000325526,5,4,7,24,1181
9606.ENSP00000306245,3,0,1,3,69
9606.ENSP00000302967,3,0,1,3,323
9606.ENSP00000242728,3,0,1,3,967
9606.ENSP00000254657,3,0,1,3,967
9606.ENSP00000242057,3,0,1,3,967
9606.ENSP00000351407,3,0,1,3,967
9606.ENSP00000342007,9,3,5,20,1208
9606.ENSP00000267163,8,0,4,3,1435
9606.ENSP00000399968,3,0,1,3,967
9606.ENSP00000379658,2,2,0,2,295
9606.ENSP00000422464,2,2,0,2,1660
9606.ENSP00000451040,2,2,0,2,1660
9606.ENSP00000252229,4,1,2,5,1741
9606.ENSP00000291890,4,1,2,5,1741
9606.ENSP00000342156,4,1,2,5,1741
9606.ENSP00000438038,4,1,2,5,1741
9606.ENSP00000362181,4,1,2,5,1741
9606.ENSP00000338130,4,1,2,5,1741
9606.ENSP00000461947,4,1,2,5,1741
9606.ENSP00000262262,4,1,2,5,1322
9606.ENSP00000296545,4,1,2,5,899
9606.ENSP00000480132,4,1,2,5,1322
9606.ENSP00000366024,4,1,2,5,1741
9606.ENSP00000399168,4,1,2,5,1741
9606.ENSP00000430950,4,1,2,5,1741
9606.ENSP00000356233,3,0,1,3,323
9606.ENSP00000239461,3,0,1,29,323
9606.ENSP00000242261,3,0,1,3,1064
9606.ENSP00000239374,3,10,1,33,232
9606.ENSP00000356263,3,10,1,33,232
9606.ENSP00000290551,3,0,3,3,968
9606.ENSP00000360025,3,0,4,3,1435
9606.ENSP00000236979,3,7,1,21,323
9606.ENSP00000432412,1,2,3,22,356
9606.ENSP00000236671,2,1,0,9,103
9606.ENSP00000333298,4,1,2,5,355
9606.ENSP00000345672,2,1,0,9,103
9606.ENSP00000365230,1,1,3,12,1449
9606.ENSP00000271651,2,1,0,30,103
9606.ENSP00000252486,9,1,0,19,103
9606.ENSP00000361850,2,1,0,18,1198
9606.ENSP00000349436,1,2,0,1,1510
9606.ENSP00000235310,8,0,4,23,940
9606.ENSP00000322570,8,0,4,23,872
9606.ENSP00000419446,8,0,4,18,583
9606.ENSP00000480987,8,0,4,13,940
9606.ENSP00000336701,8,0,4,23,872
9606.ENSP00000368458,8,0,4,13,940
9606.ENSP00000287647,8,0,4,23,872
9606.ENSP00000267430,8,0,4,23,872
9606.ENSP00000234313,1,2,0,1,531
9606.ENSP00000483570,2,1,2,5,1301
9606.ENSP00000356231,1,2,0,1,531
9606.ENSP00000274376,2,2,0,2,531
9606.ENSP00000262719,1,2,0,14,968
9606.ENSP00000316029,1,1,0,1,1510
9606.ENSP00000298316,1,2,0,1,531
9606.ENSP00000249071,1,2,0,1,531
9606.ENSP00000304895,2,2,0,2,1230
9606.ENSP00000234198,2,2,0,4,1052
9606.ENSP00000245451,2,2,0,4,1052
9606.ENSP00000261783,3,0,1,3,374
9606.ENSP00000327251,1,1,3,14,1665
9606.ENSP00000297494,1,1,3,14,1665
9606.ENSP00000349446,4,1,2,5,1322
9606.ENSP00000234111,3,0,1,3,1435
9606.ENSP00000319788,9,3,5,25,988
9606.ENSP00000353770,8,0,4,13,583
9606.ENSP00000281043,8,0,1,3,1435
9606.ENSP00000413720,8,0,4,13,1435
9606.ENSP00000233809,2,2,0,2,1665
9606.ENSP00000263645,4,1,0,1,355
9606.ENSP00000355361,2,1,2,5,1609
9606.ENSP00000355751,2,1,0,18,1671
9606.ENSP00000346671,2,1,0,2,1301
9606.ENSP00000356946,4,1,2,5,1322
9606.ENSP00000433642,4,1,2,5,1322
9606.ENSP00000313419,4,1,2,5,1322
9606.ENSP00000264832,4,1,2,5,902
9606.ENSP00000303208,9,1,0,19,103
9606.ENSP00000294728,4,1,2,5,1609
9606.ENSP00000263686,4,1,2,5,1609
9606.ENSP00000297268,2,1,0,18,1671
9606.ENSP00000292301,4,1,2,5,1161
9606.ENSP00000376197,4,1,0,5,355
9606.ENSP00000300060,4,1,2,5,1322
9606.ENSP00000339328,2,1,0,18,1198
9606.ENSP00000331736,4,1,2,5,1609
9606.ENSP00000361359,4,1,2,5,843
9606.ENSP00000454071,9,1,0,19,103
9606.ENSP00000346032,2,1,0,12,355
9606.ENSP00000290866,1,1,0,14,1665
9606.ENSP00000351777,1,1,3,12,210
9606.ENSP00000327459,9,3,4,31,66
9606.ENSP00000384359,9,3,4,31,66
9606.ENSP00000416739,8,0,4,23,872
9606.ENSP00000257570,4,1,2,5,1345
9606.ENSP00000381601,4,1,2,5,1345
9606.ENSP00000354394,4,1,2,5,1258
9606.ENSP00000315768,4,1,2,5,1345
9606.ENSP00000306884,4,1,2,5,1161
9606.ENSP00000305651,4,1,2,5,902
9606.ENSP00000302111,8,0,4,23,254
9606.ENSP00000331897,9,2,5,7,66
9606.ENSP00000306561,8,0,4,23,872
9606.ENSP00000386135,1,2,3,14,356
9606.ENSP00000381607,9,3,5,25,988
9606.ENSP00000332296,3,0,1,3,967
9606.ENSP00000500891,8,0,4,23,872
9606.ENSP00000343741,8,0,4,23,940
9606.ENSP00000260947,8,0,4,23,940
9606.ENSP00000265433,8,0,4,23,872
9606.ENSP00000261584,8,0,4,23,872
9606.ENSP00000264552,8,0,4,13,940
9606.ENSP00000316176,8,1,3,12,1568
9606.ENSP00000289081,8,0,4,23,872
9606.ENSP00000265849,8,0,4,23,872
9606.ENSP00000294008,8,0,4,23,872
9606.ENSP00000307853,8,0,4,23,872
9606.ENSP00000301046,2,1,0,18,103
9606.ENSP00000341030,4,1,0,18,1665
9606.ENSP00000307786,1,1,3,12,1449
9606.ENSP00000342235,2,2,0,2,946
9606.ENSP00000482954,4,1,2,5,295
9606.ENSP00000318195,7,0,6,10,956
9606.ENSP00000320866,1,1,3,12,355
9606.ENSP00000352798,2,1,0,18,1671
9606.ENSP00000349428,7,0,6,10,956
9606.ENSP00000346694,7,0,6,10,956
9606.ENSP00000358140,7,0,6,17,954
9606.ENSP00000369757,7,0,6,17,954
9606.ENSP00000319169,3,0,1,3,323
9606.ENSP00000341826,7,0,6,10,956
9606.ENSP00000357189,2,2,0,2,1052
9606.ENSP00000339992,3,0,1,3,967
9606.ENSP00000365016,2,2,0,2,1230
9606.ENSP00000268150,2,1,0,1,1627
9606.ENSP00000452786,2,1,0,1,1627
9606.ENSP00000301178,2,1,0,2,1230
9606.ENSP00000388510,3,0,1,3,967
9606.ENSP00000363817,3,0,1,3,967
9606.ENSP00000340507,3,0,1,3,323
9606.ENSP00000231572,3,0,1,3,967
9606.ENSP00000254066,3,0,1,3,967
9606.ENSP00000343925,1,0,3,3,69
9606.ENSP00000442460,2,1,0,2,1230
9606.ENSP00000386884,4,1,2,5,902
9606.ENSP00000368683,4,1,0,18,1665
9606.ENSP00000311127,2,2,0,2,1660
9606.ENSP00000355718,5,0,1,6,1271
9606.ENSP00000363809,3,0,1,17,954
9606.ENSP00000363377,1,0,3,3,968
9606.ENSP00000483825,1,1,3,12,1568
9606.ENSP00000288167,4,1,2,5,1345
9606.ENSP00000370842,4,1,2,5,1345
9606.ENSP00000497968,4,1,2,5,899
9606.ENSP00000304915,4,1,2,5,899
9606.ENSP00000341170,2,2,0,2,1052
9606.ENSP00000373700,2,2,0,2,1230
9606.ENSP00000398736,2,0,1,4,1671
9606.ENSP00000363512,9,3,5,25,988
9606.ENSP00000373477,9,3,5,25,988
9606.ENSP00000374265,9,3,5,25,988
9606.ENSP00000392398,9,3,5,25,988
9606.ENSP00000423822,9,3,5,25,988
9606.ENSP00000244869,2,2,0,2,1660
9606.ENSP00000267101,2,2,0,2,946
9606.ENSP00000404131,2,2,0,2,1660
9606.ENSP00000287842,2,2,0,2,946
9606.ENSP00000317272,2,2,0,2,946
9606.ENSP00000256078,2,2,0,2,399
9606.ENSP00000309968,5,1,0,6,518
9606.ENSP00000282397,2,2,0,2,946
9606.ENSP00000261799,2,1,0,2,56
9606.ENSP00000288135,2,1,0,2,56
9606.ENSP00000393312,2,2,0,2,946
9606.ENSP00000369375,2,2,0,2,946
9606.ENSP00000339824,2,2,0,2,946
9606.ENSP00000371420,2,1,0,2,1627
9606.ENSP00000384675,2,2,0,2,1230
9606.ENSP00000386786,1,3,5,12,210
9606.ENSP00000449328,7,0,6,17,954
9606.ENSP00000362674,3,0,1,3,323
9606.ENSP00000377536,8,0,4,13,571
9606.ENSP00000298556,9,3,5,7,66
9606.ENSP00000300738,8,0,4,13,583
9606.ENSP00000302728,9,3,5,20,1208
9606.ENSP00000375809,8,0,4,23,254
9606.ENSP00000265073,8,0,4,23,323
9606.ENSP00000264932,9,2,5,7,66
9606.ENSP00000297185,1,1,3,12,210
9606.ENSP00000278568,1,2,0,1,531
9606.ENSP00000358866,1,1,0,1,1510
9606.ENSP00000382423,1,1,3,12,1453
9606.ENSP00000365745,1,1,0,1,1510
9606.ENSP00000363804,3,0,1,3,1064
9606.ENSP00000362748,3,0,1,3,323
9606.ENSP00000386869,3,0,1,3,323
9606.ENSP00000363314,3,0,6,10,956
9606.ENSP00000296145,3,0,1,3,1064
9606.ENSP00000324173,1,1,3,12,210
9606.ENSP00000297316,3,0,1,3,1064
9606.ENSP00000435712,3,0,1,15,1064
9606.ENSP00000269216,3,0,1,15,232
9606.ENSP00000373783,2,1,0,18,1052
9606.ENSP00000346879,9,2,0,15,232
9606.ENSP00000495951,2,1,0,2,518
9606.ENSP00000482581,3,0,1,3,1064
9606.ENSP00000498321,4,1,2,5,1258
9606.ENSP00000411940,4,1,2,5,1345
9606.ENSP00000431885,4,1,2,5,295
9606.ENSP00000371067,4,1,2,5,295
9606.ENSP00000432511,4,1,2,5,295
9606.ENSP00000409346,4,1,2,5,295
9606.ENSP00000369554,4,1,2,5,1345
9606.ENSP00000357459,4,0,6,10,40
9606.ENSP00000412897,4,1,2,5,1345
9606.ENSP00000329967,1,1,3,12,1568
9606.ENSP00000335628,8,0,4,13,1435
9606.ENSP00000493594,1,1,0,28,1510
9606.ENSP00000371336,1,2,3,28,1510
9606.ENSP00000370975,1,2,3,28,1510
9606.ENSP00000378769,1,2,3,14,202
9606.ENSP00000228841,1,2,0,28,1510
9606.ENSP00000351022,1,2,3,28,1510
9606.ENSP00000250003,3,0,1,3,760
9606.ENSP00000332353,5,0,0,4,40
9606.ENSP00000297261,2,2,0,2,1052
9606.ENSP00000295731,2,2,0,2,1052
9606.ENSP00000390436,1,0,3,14,40
9606.ENSP00000261798,5,0,7,24,1181
9606.ENSP00000463027,9,2,0,25,232
9606.ENSP00000448083,9,2,0,4,232
9606.ENSP00000377836,5,2,7,24,1181
9606.ENSP00000396198,2,2,0,2,518
9606.ENSP00000368104,2,2,0,2,1052
9606.ENSP00000328181,2,2,0,2,1052
9606.ENSP00000493906,9,3,5,20,40
9606.ENSP00000228682,1,0,1,14,40
9606.ENSP00000264414,8,0,4,12,438
9606.ENSP00000229307,3,0,1,3,1064
9606.ENSP00000290341,7,0,6,10,956
9606.ENSP00000227918,9,2,0,15,232
9606.ENSP00000244930,9,2,0,15,232
9606.ENSP00000291009,9,2,0,15,232
9606.ENSP00000262662,8,0,4,13,1435
9606.ENSP00000276925,8,0,4,13,1435
9606.ENSP00000410242,7,0,6,10,956
9606.ENSP00000358548,2,2,0,2,1230
9606.ENSP00000368686,8,0,4,13,1435
9606.ENSP00000355249,8,0,4,13,1435
9606.ENSP00000429089,8,0,4,13,1435
9606.ENSP00000398124,8,0,4,13,1435
9606.ENSP00000386896,2,1,0,1,1627
9606.ENSP00000418754,5,4,7,24,1181
9606.ENSP00000488361,1,2,3,22,356
9606.ENSP00000345681,3,0,1,3,967
9606.ENSP00000366915,3,0,1,3,967
9606.ENSP00000296930,7,0,6,3,438
9606.ENSP00000264606,3,0,1,3,323
9606.ENSP00000264709,3,0,1,3,323
9606.ENSP00000497406,3,0,1,3,967
9606.ENSP00000265354,3,0,1,3,69
9606.ENSP00000498671,3,0,1,1,1064
9606.ENSP00000389377,1,2,3,14,69
9606.ENSP00000379330,1,2,3,14,69
9606.ENSP00000353344,3,0,1,3,967
9606.ENSP00000356832,1,0,3,14,356
9606.ENSP00000227163,3,0,1,3,967
9606.ENSP00000286301,2,1,0,2,56
9606.ENSP00000245414,4,1,2,5,1345
9606.ENSP00000241453,2,2,0,2,56
9606.ENSP00000230354,3,0,1,3,760
9606.ENSP00000295025,1,1,3,12,1568
9606.ENSP00000300134,4,1,2,5,295
9606.ENSP00000296871,4,1,2,5,899
9606.ENSP00000263377,3,0,1,3,323
9606.ENSP00000327513,2,1,2,2,518
9606.ENSP00000254810,3,0,1,3,38
9606.ENSP00000260010,4,1,2,5,902
9606.ENSP00000251968,1,1,0,12,355
9606.ENSP00000302961,1,1,3,12,53
9606.ENSP00000460823,1,2,0,12,355
9606.ENSP00000365817,4,1,2,5,1741
9606.ENSP00000339477,4,1,2,5,1741
9606.ENSP00000359663,4,1,2,5,843
9606.ENSP00000368538,4,1,2,5,1741
9606.ENSP00000474412,4,1,2,5,902
9606.ENSP00000480467,4,1,2,5,1345
9606.ENSP00000484479,4,1,2,5,1345
9606.ENSP00000474725,8,0,1,3,1435
9606.ENSP00000369571,4,1,2,5,1345
9606.ENSP00000369574,4,1,2,5,1345
9606.ENSP00000369564,4,1,2,5,1345
9606.ENSP00000369566,4,1,2,5,1345
9606.ENSP00000239347,4,1,2,5,1345
9606.ENSP00000363318,4,1,2,5,1345
9606.ENSP00000327890,4,1,2,5,899
9606.ENSP00000369293,4,1,2,5,899
9606.ENSP00000357470,4,1,2,5,295
9606.ENSP00000306157,4,1,2,5,899
9606.ENSP00000369558,4,1,2,5,1345
9606.ENSP00000369553,4,1,2,5,1345
9606.ENSP00000320935,9,2,1,19,103
9606.ENSP00000313854,8,0,4,3,1492
9606.ENSP00000326432,4,1,2,5,1161
9606.ENSP00000383053,2,2,0,2,531
9606.ENSP00000493716,2,2,0,2,518
9606.ENSP00000414378,2,2,0,2,1660
9606.ENSP00000350896,2,2,0,2,946
9606.ENSP00000357392,2,2,0,2,1660
9606.ENSP00000357393,2,2,0,2,1660
9606.ENSP00000391669,1,1,0,1,1510
9606.ENSP00000275815,2,2,0,2,946
9606.ENSP00000316779,1,2,0,1,531
9606.ENSP00000497759,3,0,1,3,1064
9606.ENSP00000226091,2,2,0,2,1660
9606.ENSP00000478026,2,1,0,12,355
9606.ENSP00000226067,2,1,0,12,355
9606.ENSP00000356899,2,1,0,18,1627
9606.ENSP00000359114,2,1,0,18,1671
9606.ENSP00000282903,2,1,0,18,1671
9606.ENSP00000384999,2,1,0,18,1671
9606.ENSP00000304408,2,1,0,18,1671
9606.ENSP00000263556,2,1,0,18,1671
9606.ENSP00000478763,4,1,2,5,1322
9606.ENSP00000364589,8,0,4,13,1435
9606.ENSP00000358335,1,1,3,12,1568
9606.ENSP00000292599,5,0,1,6,1271
9606.ENSP00000283131,3,0,1,3,323
9606.ENSP00000296417,3,0,1,3,38
9606.ENSP00000337332,3,0,1,3,323
9606.ENSP00000301019,8,0,4,13,583
9606.ENSP00000289316,3,0,1,3,323
9606.ENSP00000378118,4,1,2,5,1161
9606.ENSP00000427279,4,1,2,5,1161
9606.ENSP00000416996,4,1,2,5,1161
9606.ENSP00000395704,4,1,2,5,1161
9606.ENSP00000254108,7,0,6,10,956
9606.ENSP00000313199,7,0,6,10,956
9606.ENSP00000258962,7,0,6,10,956
9606.ENSP00000313829,7,0,6,10,956
9606.ENSP00000258729,7,0,6,10,956
9606.ENSP00000247001,7,0,6,10,956
9606.ENSP00000296474,2,2,0,2,1230
9606.ENSP00000398655,4,1,2,5,1301
9606.ENSP00000477713,4,1,2,5,1301
9606.ENSP00000326381,7,0,6,17,954
9606.ENSP00000340691,1,0,3,14,356
9606.ENSP00000364119,7,0,6,17,954
9606.ENSP00000293831,7,0,6,17,954
9606.ENSP00000307940,7,0,6,17,954
9606.ENSP00000296674,7,0,6,17,954
9606.ENSP00000380379,5,4,7,24,1181
9606.ENSP00000274063,5,4,7,24,1181
9606.ENSP00000284523,5,2,7,24,1181
9606.ENSP00000341032,5,4,7,24,1181
9606.ENSP00000290167,5,4,7,24,1181
9606.ENSP00000294304,5,4,7,24,1181
9606.ENSP00000293549,5,4,7,24,1181
9606.ENSP00000301061,5,4,7,24,1181
9606.ENSP00000286574,5,4,7,24,1181
9606.ENSP00000286201,5,4,7,24,1181
9606.ENSP00000302625,5,0,7,24,1181
9606.ENSP00000287934,5,4,7,24,1181
9606.ENSP00000328133,4,1,2,5,295
9606.ENSP00000466090,2,1,2,18,1609
9606.ENSP00000231751,2,1,0,18,103
9606.ENSP00000362108,2,1,2,18,1198
9606.ENSP00000315130,2,1,0,18,103
9606.ENSP00000243077,2,1,0,18,1609
9606.ENSP00000244336,4,1,2,5,1322
9606.ENSP00000236826,2,1,2,18,1198
9606.ENSP00000236850,9,1,0,19,103
9606.ENSP00000378517,2,1,0,18,1671
9606.ENSP00000420174,2,1,0,18,1198
9606.ENSP00000391594,2,1,0,18,1198
9606.ENSP00000419945,2,1,0,5,1198
9606.ENSP00000416330,2,1,0,18,1671
9606.ENSP00000308208,2,1,0,18,1198
9606.ENSP00000362924,1,1,0,1,1510
9606.ENSP00000255030,4,1,2,5,1665
9606.ENSP00000343838,9,3,5,20,1208
9606.ENSP00000304845,9,3,5,20,1208
9606.ENSP00000303174,9,3,5,20,1208
9606.ENSP00000233242,9,1,0,19,103
9606.ENSP00000299767,1,1,3,12,210
9606.ENSP00000247461,1,1,3,12,355
9606.ENSP00000383003,1,2,3,14,356
9606.ENSP00000401445,1,1,3,12,210
9606.ENSP00000302476,1,1,3,12,210
9606.ENSP00000303394,1,1,3,12,210
9606.ENSP00000480791,2,2,0,2,1660
9606.ENSP00000489189,1,1,3,12,210
9606.ENSP00000225174,1,1,3,12,210
9606.ENSP00000293288,1,1,3,12,1449
9606.ENSP00000292303,4,1,2,5,1161
9606.ENSP00000363591,1,1,3,12,1492
9606.ENSP00000228606,3,0,1,3,967
9606.ENSP00000260408,5,1,0,6,1271
9606.ENSP00000290573,9,2,5,7,66
9606.ENSP00000334145,4,1,2,18,1198
9606.ENSP00000233813,2,1,0,18,1671
9606.ENSP00000260356,2,1,0,18,1671
9606.ENSP00000348215,1,2,0,1,1510
9606.ENSP00000347244,1,2,0,1,1510
9606.ENSP00000345229,1,2,1,1,1271
9606.ENSP00000472929,2,1,0,2,1301
9606.ENSP00000378974,1,1,3,3,968
9606.ENSP00000355809,1,2,0,1,1510
9606.ENSP00000335055,1,2,0,1,1510
9606.ENSP00000379683,9,3,5,20,1208
9606.ENSP00000378972,9,3,5,20,1208
9606.ENSP00000478255,9,3,5,20,1208
9606.ENSP00000324648,9,3,5,20,1208
9606.ENSP00000360317,9,3,5,20,1208
9606.ENSP00000360372,9,3,5,20,1208
9606.ENSP00000332256,9,3,5,20,1208
9606.ENSP00000354357,9,3,5,25,1208
9606.ENSP00000260682,9,3,5,20,1208
9606.ENSP00000260970,9,3,5,20,1208
9606.ENSP00000311469,9,3,5,25,1208
9606.ENSP00000295256,9,3,5,25,1208
9606.ENSP00000297785,9,3,5,20,1208
9606.ENSP00000239165,8,0,4,23,254
9606.ENSP00000283921,3,0,1,26,323
9606.ENSP00000222726,3,0,1,26,323
9606.ENSP00000356155,2,2,0,2,1230
9606.ENSP00000320663,2,2,0,2,1230
9606.ENSP00000357494,2,2,0,2,1301
9606.ENSP00000354207,2,2,0,2,1230
9606.ENSP00000492001,9,2,5,7,66
9606.ENSP00000462521,9,1,5,25,988
9606.ENSP00000252723,4,1,2,5,295
9606.ENSP00000296870,4,1,2,5,295
9606.ENSP00000263734,3,0,1,3,967
9606.ENSP00000330393,4,1,2,5,295
9606.ENSP00000361004,4,1,2,5,295
9606.ENSP00000481249,4,1,2,5,295
9606.ENSP00000355124,9,2,0,15,232
9606.ENSP00000263735,2,1,0,15,1264
9606.ENSP00000264039,2,1,0,2,1052
9606.ENSP00000329243,9,2,0,15,232
9606.ENSP00000329797,4,1,2,5,1322
9606.ENSP00000380227,2,1,0,1,1627
9606.ENSP00000379140,4,1,2,5,902
9606.ENSP00000254958,5,0,1,6,1271
9606.ENSP00000263388,5,0,1,6,1271
9606.ENSP00000256646,5,0,1,6,1271
9606.ENSP00000418823,7,0,6,10,956
9606.ENSP00000398368,4,1,2,5,295
9606.ENSP00000371790,2,2,0,2,1660
9606.ENSP00000417898,2,2,0,2,1052
9606.ENSP00000221496,9,2,0,15,1052
9606.ENSP00000245479,5,0,1,15,1052
9606.ENSP00000276414,1,2,0,14,1665
9606.ENSP00000368370,3,0,1,15,1064
9606.ENSP00000358903,9,3,5,20,1208
9606.ENSP00000255409,4,1,2,5,1198
9606.ENSP00000354677,9,3,5,25,988
9606.ENSP00000354581,9,3,5,25,988
9606.ENSP00000351908,1,1,3,14,968
9606.ENSP00000241337,9,3,5,25,1208
9606.ENSP00000377192,9,2,5,7,66
9606.ENSP00000270776,9,2,5,7,66
9606.ENSP00000328137,7,3,6,17,988
9606.ENSP00000363641,9,1,5,25,988
9606.ENSP00000434516,9,3,5,25,988
9606.ENSP00000368166,5,0,7,24,1181
9606.ENSP00000265441,5,4,7,24,1181
9606.ENSP00000301691,5,2,7,24,1181
9606.ENSP00000225512,5,4,7,24,1181
9606.ENSP00000261349,5,4,7,24,1181
9606.ENSP00000257430,5,0,7,24,1181
9606.ENSP00000262320,5,0,7,24,1181
9606.ENSP00000381775,2,1,0,30,1052
9606.ENSP00000222248,9,2,0,15,232
9606.ENSP00000263334,9,2,0,15,232
9606.ENSP00000273550,9,2,0,25,232
9606.ENSP00000310170,3,0,1,3,968
9606.ENSP00000220616,9,2,0,15,232
9606.ENSP00000252804,1,1,3,12,374
9606.ENSP00000265351,7,0,6,10,956
9606.ENSP00000263209,7,0,6,10,956
9606.ENSP00000373474,7,0,6,10,956
9606.ENSP00000298717,7,0,6,10,956
9606.ENSP00000225792,7,0,6,10,956
9606.ENSP00000280154,7,0,6,17,954
9606.ENSP00000262160,3,0,1,3,40
9606.ENSP00000253024,3,0,1,3,323
9606.ENSP00000338235,9,3,6,10,956
9606.ENSP00000274813,9,1,5,7,66
9606.ENSP00000296511,1,1,3,12,374
9606.ENSP00000367202,2,1,0,18,1198
9606.ENSP00000261254,8,0,4,13,1435
9606.ENSP00000303706,8,0,4,13,1435
9606.ENSP00000274255,8,0,4,13,1435
9606.ENSP00000262904,8,0,4,13,1435
9606.ENSP00000477908,4,1,2,5,1161
9606.ENSP00000220592,7,0,6,10,956
9606.ENSP00000262238,3,0,1,3,760
9606.ENSP00000227507,8,0,1,3,438
9606.ENSP00000264033,2,1,0,2,1230
9606.ENSP00000300574,2,1,0,2,1230
9606.ENSP00000264972,4,1,2,5,1741
9606.ENSP00000380638,2,1,0,1,1510
9606.ENSP00000303830,2,2,0,2,946
9606.ENSP00000341189,2,1,0,1,1627
9606.ENSP00000267257,1,1,0,1,1510
9606.ENSP00000342681,4,1,2,5,1322
9606.ENSP00000292408,2,2,0,2,946
9606.ENSP00000371194,1,5,3,34,1453
9606.ENSP00000464030,1,1,3,12,1568
9606.ENSP00000390394,1,5,3,34,202
9606.ENSP00000343847,1,5,3,34,202
9606.ENSP00000299335,1,5,3,34,202
9606.ENSP00000219746,1,5,3,34,1453
9606.ENSP00000258149,8,0,1,3,438
9606.ENSP00000276927,4,1,2,5,1345
9606.ENSP00000433209,1,1,3,12,1568
9606.ENSP00000354901,4,1,2,5,1161
9606.ENSP00000296795,4,1,2,5,1345
9606.ENSP00000358092,3,1,1,3,967
9606.ENSP00000263464,1,1,3,12,1568
9606.ENSP00000482259,4,1,2,5,1161
9606.ENSP00000353874,4,1,2,5,1345
9606.ENSP00000231509,3,1,1,3,69
9606.ENSP00000277120,2,2,0,2,946
9606.ENSP00000266000,3,0,1,3,760
9606.ENSP00000365804,3,1,1,3,760
9606.ENSP00000239938,3,0,1,3,968
9606.ENSP00000267953,1,1,3,12,1449
9606.ENSP00000378856,4,1,2,5,1741
9606.ENSP00000315564,4,1,2,5,1741
9606.ENSP00000329932,4,1,2,5,1741
9606.ENSP00000325690,3,0,1,3,69
9606.ENSP00000307305,1,2,3,14,356
9606.ENSP00000344220,1,2,3,14,356
9606.ENSP00000379842,1,0,3,3,356
9606.ENSP00000359424,1,1,3,12,1568
9606.ENSP00000375711,1,2,3,14,356
9606.ENSP00000337065,4,1,2,5,1161
9606.ENSP00000362795,4,1,2,5,1161
9606.ENSP00000343952,4,1,2,5,1161
9606.ENSP00000351059,4,1,2,5,1161
9606.ENSP00000296028,4,1,2,5,1161
9606.ENSP00000319635,4,1,2,5,1161
9606.ENSP00000379110,4,1,2,5,1161
9606.ENSP00000308815,4,1,2,5,1161
9606.ENSP00000296140,4,1,2,5,1161
9606.ENSP00000351671,4,1,2,5,1161
9606.ENSP00000262768,2,1,0,18,1198
9606.ENSP00000279441,2,1,0,18,1198
9606.ENSP00000299855,2,1,0,18,1198
9606.ENSP00000322788,2,1,0,18,1198
9606.ENSP00000266085,2,1,0,18,1198
9606.ENSP00000458585,2,1,0,18,1198
9606.ENSP00000230990,2,1,0,2,518
9606.ENSP00000260227,2,1,0,18,1198
9606.ENSP00000417583,2,1,0,2,1052
9606.ENSP00000267843,2,2,0,2,1660
9606.ENSP00000401645,2,1,0,18,1198
9606.ENSP00000231004,2,1,0,18,1671
9606.ENSP00000369071,2,1,0,18,1671
9606.ENSP00000244050,3,0,1,3,1064
9606.ENSP00000297350,2,1,0,30,1052
9606.ENSP00000465500,2,1,3,30,1052
9606.ENSP00000218758,2,2,0,30,1052
9606.ENSP00000262623,9,3,5,20,1208
9606.ENSP00000291295,1,2,3,14,202
9606.ENSP00000218548,9,3,5,20,1208
9606.ENSP00000263980,1,2,3,14,202
9606.ENSP00000260302,2,1,0,18,1198
9606.ENSP00000306512,4,1,2,5,902
9606.ENSP00000223095,2,1,0,18,1198
9606.ENSP00000226218,2,1,0,18,1671
9606.ENSP00000225831,4,1,2,5,902
9606.ENSP00000262158,2,0,1,4,40
9606.ENSP00000355896,2,1,0,18,1671
9606.ENSP00000295755,4,1,2,5,1198
9606.ENSP00000263339,4,1,2,5,902
9606.ENSP00000229135,4,1,2,5,899
9606.ENSP00000345347,4,1,2,5,1403
9606.ENSP00000217971,9,3,5,20,1208
9606.ENSP00000482704,9,3,5,20,1208
9606.ENSP00000443432,4,1,2,5,1741
9606.ENSP00000222982,9,3,5,20,1208
9606.ENSP00000226444,9,3,5,20,1208
9606.ENSP00000225929,9,3,5,20,1208
9606.ENSP00000217961,9,3,5,20,1208
9606.ENSP00000303147,9,0,5,7,66
9606.ENSP00000318868,9,3,5,7,66
9606.ENSP00000320171,9,0,5,7,66
9606.ENSP00000368066,1,1,3,12,66
9606.ENSP00000246194,7,0,6,10,956
9606.ENSP00000217426,9,0,5,7,66
9606.ENSP00000217182,7,0,6,17,954
9606.ENSP00000357643,8,0,4,13,571
9606.ENSP00000301633,8,0,4,13,571
9606.ENSP00000342307,8,0,4,13,583
9606.ENSP00000326550,8,0,4,13,571
9606.ENSP00000368759,2,1,0,1,1510
9606.ENSP00000261597,8,0,4,13,571
9606.ENSP00000265148,8,0,4,13,571
9606.ENSP00000260363,8,0,4,13,571
9606.ENSP00000260731,8,0,4,13,571
9606.ENSP00000265748,8,0,4,13,571
9606.ENSP00000264156,8,0,4,13,583
9606.ENSP00000262105,8,0,4,13,583
9606.ENSP00000307288,8,0,4,13,583
9606.ENSP00000287394,8,0,4,13,583
9606.ENSP00000217026,8,0,4,13,583
9606.ENSP00000255465,8,0,4,13,583
9606.ENSP00000256442,8,0,4,13,583
9606.ENSP00000501092,3,0,1,3,1064
9606.ENSP00000382091,7,0,6,10,956
9606.ENSP00000216807,3,0,1,3,323
9606.ENSP00000244537,3,0,1,3,38
9606.ENSP00000340989,8,0,4,4,1435
9606.ENSP00000372221,3,0,1,4,323
9606.ENSP00000359910,4,1,2,12,1449
9606.ENSP00000377245,9,3,5,25,988
9606.ENSP00000248553,1,1,3,12,210
9606.ENSP00000254322,1,1,3,12,210
9606.ENSP00000333685,1,0,3,3,968
9606.ENSP00000330237,1,1,3,12,1449
9606.ENSP00000448665,1,1,3,12,210
9606.ENSP00000256857,9,2,0,14,232
9606.ENSP00000266674,5,4,7,24,1181
9606.ENSP00000353245,9,2,0,15,232
9606.ENSP00000478490,7,0,6,10,956
9606.ENSP00000444660,7,0,6,10,956
9606.ENSP00000343526,8,0,4,23,872
9606.ENSP00000349486,1,0,0,1,40
9606.ENSP00000337060,8,0,4,13,66
9606.ENSP00000216446,1,2,0,1,531
9606.ENSP00000261366,8,0,4,28,254
9606.ENSP00000327054,8,0,4,28,254
9606.ENSP00000265164,1,1,3,12,1492
9606.ENSP00000248071,3,0,1,3,967
9606.ENSP00000354782,4,1,2,5,1741
9606.ENSP00000402060,4,1,2,5,1741
9606.ENSP00000351273,1,1,3,12,1492
9606.ENSP00000358327,1,1,3,12,1492
9606.ENSP00000286186,1,1,3,12,1492
9606.ENSP00000366237,1,1,3,12,1492
9606.ENSP00000219548,1,1,3,12,210
9606.ENSP00000311083,8,0,4,13,583
9606.ENSP00000352928,8,0,4,13,1435
9606.ENSP00000289371,7,0,6,17,954
9606.ENSP00000329466,3,0,1,3,967
9606.ENSP00000379612,1,1,3,12,1568
9606.ENSP00000356426,1,1,3,12,1568
9606.ENSP00000358997,4,1,2,5,1345
9606.ENSP00000324404,8,0,4,13,1435
9606.ENSP00000337383,4,1,2,5,1568
9606.ENSP00000386380,4,1,2,5,1345
9606.ENSP00000221130,9,3,5,25,988
9606.ENSP00000250405,1,1,3,12,1492
9606.ENSP00000376943,1,1,3,12,1449
9606.ENSP00000326119,1,1,3,12,1492
9606.ENSP00000216115,1,1,3,12,1492
9606.ENSP00000356919,1,1,3,12,210
9606.ENSP00000307235,1,1,3,12,210
9606.ENSP00000300692,4,1,2,5,1741
9606.ENSP00000233057,4,1,2,5,1568
9606.ENSP00000256383,7,0,6,17,954
9606.ENSP00000259808,1,1,3,12,1568
9606.ENSP00000301838,1,1,3,12,1492
9606.ENSP00000344352,3,0,1,3,968
9606.ENSP00000356920,1,2,3,3,968
9606.ENSP00000419923,3,0,1,3,968
9606.ENSP00000222330,1,4,3,14,40
9606.ENSP00000263791,1,3,3,17,210
9606.ENSP00000216037,1,1,3,17,210
9606.ENSP00000222254,2,2,0,2,1230
9606.ENSP00000279488,1,2,3,14,968
9606.ENSP00000229795,1,1,3,3,968
9606.ENSP00000345083,1,1,3,3,968
9606.ENSP00000239223,1,0,3,3,968
9606.ENSP00000263025,1,2,3,14,1453
9606.ENSP00000410402,1,1,3,14,968
9606.ENSP00000245960,8,0,4,13,583
9606.ENSP00000240100,1,0,3,3,968
9606.ENSP00000264716,3,0,1,3,968
9606.ENSP00000245919,3,0,1,3,968
9606.ENSP00000272519,1,2,3,1,968
9606.ENSP00000313681,1,2,3,14,202
9606.ENSP00000308413,1,0,3,14,356
9606.ENSP00000257566,3,0,1,3,1064
9606.ENSP00000264664,2,2,0,2,1660
9606.ENSP00000228872,8,0,4,13,1435
9606.ENSP00000262643,8,0,4,13,1435
9606.ENSP00000231487,8,0,4,13,1435
9606.ENSP00000410452,1,2,3,14,1453
9606.ENSP00000256996,8,0,4,23,254
9606.ENSP00000256443,8,0,4,13,1435
9606.ENSP00000356694,1,1,2,5,1258
9606.ENSP00000498466,1,1,3,12,1258
9606.ENSP00000360216,4,1,2,12,1322
9606.ENSP00000249075,4,1,2,5,295
9606.ENSP00000264563,4,1,2,5,295
9606.ENSP00000222139,4,1,2,5,295
9606.ENSP00000225474,4,1,2,5,899
9606.ENSP00000226730,4,1,2,5,899
9606.ENSP00000231454,4,1,2,5,899
9606.ENSP00000263851,4,1,2,5,899
9606.ENSP00000231449,4,1,2,5,899
9606.ENSP00000330382,2,2,0,2,1660
9606.ENSP00000215781,4,1,2,5,295
9606.ENSP00000222390,2,2,0,2,518
9606.ENSP00000272928,4,1,2,5,1161
9606.ENSP00000292174,4,1,2,5,1161
9606.ENSP00000215743,2,1,0,18,1198
9606.ENSP00000212355,2,2,0,4,1052
9606.ENSP00000221930,2,1,0,18,643
9606.ENSP00000238682,2,2,0,18,1671
9606.ENSP00000365380,4,1,2,5,843
9606.ENSP00000495556,3,0,1,3,323
9606.ENSP00000408617,3,0,1,3,323
9606.ENSP00000295757,3,0,1,3,323
9606.ENSP00000358799,7,0,6,10,956
9606.ENSP00000222553,3,1,1,3,103
9606.ENSP00000249396,3,0,1,3,323
9606.ENSP00000226279,4,1,2,5,1322
9606.ENSP00000257770,4,1,2,5,1609
9606.ENSP00000265713,3,0,1,3,323
9606.ENSP00000264731,8,0,1,4,40
9606.ENSP00000352673,3,0,1,3,323
9606.ENSP00000327048,3,0,1,3,968
9606.ENSP00000262241,3,0,1,3,323
9606.ENSP00000225916,3,0,1,3,323
9606.ENSP00000261497,3,0,1,3,323
9606.ENSP00000494686,3,0,1,3,323
9606.ENSP00000478672,4,1,2,5,843
9606.ENSP00000269141,2,2,0,1,1264
9606.ENSP00000295756,4,1,2,5,1741
9606.ENSP00000408025,9,2,5,7,66
9606.ENSP00000302100,3,3,1,3,374
9606.ENSP00000250448,3,0,1,3,1064
9606.ENSP00000216117,9,1,5,25,988
9606.ENSP00000296782,1,0,3,14,356
9606.ENSP00000262435,2,0,0,4,40
9606.ENSP00000312664,1,1,3,12,1492
9606.ENSP00000312455,1,1,3,12,1492
9606.ENSP00000225577,1,0,3,14,356
9606.ENSP00000324856,1,0,3,14,438
9606.ENSP00000263967,2,2,0,2,1230
9606.ENSP00000351141,7,0,6,10,956
9606.ENSP00000497585,4,1,2,5,1322
9606.ENSP00000212015,3,0,1,3,760
9606.ENSP00000226574,4,1,2,5,1258
9606.ENSP00000219476,1,0,3,14,356
9606.ENSP00000216714,8,0,4,23,254
9606.ENSP00000254846,3,0,1,3,323
9606.ENSP00000320176,1,1,0,1,1510
9606.ENSP00000324422,1,1,0,1,1510
9606.ENSP00000293379,2,1,0,1,1627
9606.ENSP00000325240,1,1,0,35,1510
9606.ENSP00000223023,1,2,0,1,1510
9606.ENSP00000225655,1,2,0,1,1510
9606.ENSP00000268182,1,2,0,1,531
9606.ENSP00000245932,1,1,0,1,1510
9606.ENSP00000220003,2,1,0,2,1301
9606.ENSP00000352833,4,1,2,5,1741
9606.ENSP00000354566,4,1,2,5,1741
9606.ENSP00000282561,1,2,3,14,531
9606.ENSP00000215659,1,0,3,3,968
9606.ENSP00000215832,1,2,3,14,1453
9606.ENSP00000262506,3,0,1,3,323
9606.ENSP00000244007,2,2,0,2,1230
9606.ENSP00000311697,2,2,0,2,1660
9606.ENSP00000211287,1,0,3,3,968
9606.ENSP00000210313,4,1,2,12,1492
9606.ENSP00000421491,8,0,4,23,872
9606.ENSP00000323246,3,0,4,13,1435
9606.ENSP00000262395,1,0,0,35,40
9606.ENSP00000261769,2,0,0,1,1264
9606.ENSP00000216911,8,0,4,13,583
9606.ENSP00000384408,8,0,4,23,872
9606.ENSP00000209728,8,0,4,13,583
9606.ENSP00000260810,8,0,4,23,940
9606.ENSP00000249749,5,0,1,6,1271
9606.ENSP00000357118,3,0,1,3,1271
9606.ENSP00000205143,5,0,1,6,1271
9606.ENSP00000254301,2,1,0,5,643
9606.ENSP00000351497,4,1,2,5,1322
9606.ENSP00000312506,2,1,0,2,1660
9606.ENSP00000312002,4,1,2,5,1741
9606.ENSP00000358294,4,1,2,5,1741
9606.ENSP00000419085,4,1,2,5,1741
9606.ENSP00000252483,4,1,2,5,1741
9606.ENSP00000283285,4,1,2,5,1741
9606.ENSP00000356991,4,1,2,5,1741
9606.ENSP00000347948,4,1,2,5,1741
9606.ENSP00000324890,4,1,2,5,843
9606.ENSP00000358490,4,1,2,5,843
9606.ENSP00000378409,4,1,2,5,1741
9606.ENSP00000384367,3,0,1,3,1064
9606.ENSP00000201031,3,0,1,3,1064
9606.ENSP00000315190,2,1,0,1,1627
9606.ENSP00000324101,2,1,0,1,355
9606.ENSP00000264144,2,1,0,1,1627
9606.ENSP00000261023,2,1,0,1,1627
9606.ENSP00000314897,2,2,0,2,1660
9606.ENSP00000428340,2,2,0,2,1660
9606.ENSP00000271450,4,1,2,5,1322
9606.ENSP00000496939,1,2,3,14,202
9606.ENSP00000194530,1,11,3,14,103
9606.ENSP00000328875,1,11,3,14,103
9606.ENSP00000188790,2,2,0,18,103
9606.ENSP00000184956,3,0,1,3,967
9606.ENSP00000370517,9,2,5,7,66
9606.ENSP00000179259,9,2,5,7,66
9606.ENSP00000216862,9,0,5,8,66
9606.ENSP00000300900,9,0,5,8,66
9606.ENSP00000178638,9,0,5,8,66
9606.ENSP00000328207,4,1,2,5,1741
9606.ENSP00000332049,4,1,2,5,843
9606.ENSP00000319476,4,1,2,5,1741
9606.ENSP00000346508,2,2,0,2,1660
9606.ENSP00000262741,2,2,0,2,1230
9606.ENSP00000262039,1,2,3,22,356
9606.ENSP00000352071,4,1,2,5,1322
9606.ENSP00000399324,2,2,0,2,1660
9606.ENSP00000294312,2,2,0,2,1660
9606.ENSP00000352414,2,2,0,2,1660
9606.ENSP00000334122,2,2,0,2,1660
9606.ENSP00000310658,2,2,0,2,1052
9606.ENSP00000274625,2,2,0,2,1660
9606.ENSP00000265371,2,2,0,2,946
9606.ENSP00000262120,2,2,0,4,1052
9606.ENSP00000327336,2,1,0,18,1671
9606.ENSP00000279147,2,2,0,2,946
9606.ENSP00000172229,2,2,0,2,946
9606.ENSP00000180166,2,2,0,2,1660
9606.ENSP00000215530,2,2,0,2,1660
9606.ENSP00000228837,2,2,0,2,1660
9606.ENSP00000419298,3,0,1,3,1064
9606.ENSP00000351602,4,1,2,5,1322
9606.ENSP00000216492,9,2,0,15,232
9606.ENSP00000221992,9,2,0,15,232
9606.ENSP00000167588,9,2,0,15,232
9606.ENSP00000252242,9,2,0,4,232
9606.ENSP00000308452,9,2,0,4,232
9606.ENSP00000264012,1,2,0,1,1264
9606.ENSP00000200181,2,1,0,1,1627
9606.ENSP00000225964,2,1,0,18,1671
9606.ENSP00000167586,9,2,0,4,232
9606.ENSP00000358983,1,1,3,12,1568
9606.ENSP00000221452,1,1,3,12,1568
9606.ENSP00000263932,4,1,2,5,843
9606.ENSP00000164227,1,1,3,12,1568
9606.ENSP00000216797,1,1,3,12,1258
9606.ENSP00000308351,1,1,3,12,1492
9606.ENSP00000276431,1,1,3,12,1492
9606.ENSP00000241261,1,1,3,12,1492
9606.ENSP00000216274,1,1,3,12,1568
9606.ENSP00000218388,2,1,0,18,1198
9606.ENSP00000219070,2,1,0,18,1198
9606.ENSP00000495860,1,1,3,12,1492
9606.ENSP00000245817,4,1,2,5,1741
9606.ENSP00000266557,4,1,2,5,1741
9606.ENSP00000281834,4,1,2,5,1741
9606.ENSP00000264246,4,1,2,5,843
9606.ENSP00000320084,4,1,2,5,1741
9606.ENSP00000359364,7,0,6,10,956
9606.ENSP00000242848,7,0,6,10,956
9606.ENSP00000297591,7,0,6,10,956
9606.ENSP00000216489,7,0,6,10,956
9606.ENSP00000161863,7,0,6,10,956
9606.ENSP00000199764,4,1,2,15,232
9606.ENSP00000335062,4,1,2,5,1741
9606.ENSP00000333919,4,1,2,5,1741
9606.ENSP00000161559,4,1,2,5,1741
9606.ENSP00000250416,8,0,4,23,254
9606.ENSP00000159111,3,0,1,3,323
9606.ENSP00000075120,9,2,5,7,66
9606.ENSP00000056217,1,2,0,1,1510
9606.ENSP00000266718,2,1,0,18,1671
9606.ENSP00000295228,2,2,0,18,1671
9606.ENSP00000231061,2,1,0,18,1671
9606.ENSP00000226284,2,1,0,18,1671
9606.ENSP00000168712,2,2,0,2,1660
9606.ENSP00000427552,2,1,0,18,1627
9606.ENSP00000221515,4,1,2,5,1198
9606.ENSP00000225275,4,1,2,5,1609
9606.ENSP00000250160,2,4,0,18,1671
9606.ENSP00000052754,2,1,0,18,1671
9606.ENSP00000211998,1,1,0,1,1510
9606.ENSP00000501245,4,1,2,5,1322
9606.ENSP00000252891,5,0,1,6,1271
9606.ENSP00000268603,1,2,0,1,1264
9606.ENSP00000027335,1,2,0,1,1264
9606.ENSP00000283290,1,2,3,22,356
9606.ENSP00000282185,1,2,3,22,356
9606.ENSP00000025008,1,2,3,22,356
9606.ENSP00000355354,2,0,0,1,1264
9606.ENSP00000367832,4,1,2,5,1161
9606.ENSP00000020945,3,0,1,3,1064
9606.ENSP00000233146,8,0,4,23,872
9606.ENSP00000265081,8,0,4,23,872
9606.ENSP00000234420,8,0,4,23,872
9606.ENSP00000259008,8,0,4,23,872
9606.ENSP00000262887,8,0,4,23,872
9606.ENSP00000231790,8,0,4,23,872
9606.ENSP00000274306,4,1,2,5,1741
9606.ENSP00000351644,8,0,4,23,872
9606.ENSP00000013807,8,0,4,23,872
9606.ENSP00000357152,4,1,2,5,1322
9606.ENSP00000368450,4,1,2,5,1322
9606.ENSP00000227155,4,1,0,1,355
9606.ENSP00000349967,4,1,2,5,1161
9606.ENSP00000228434,4,1,2,5,843
9606.ENSP00000246657,4,1,2,5,1161
9606.ENSP00000177694,4,1,2,5,843
9606.ENSP00000216341,4,1,2,5,843
9606.ENSP00000240618,4,1,2,5,1741
9606.ENSP00000203629,4,1,2,5,1741
9606.ENSP00000250092,4,1,2,5,1322
9606.ENSP00000479955,4,1,2,5,1161
9606.ENSP00000302234,4,1,2,5,1161
9606.ENSP00000280357,4,1,2,5,902
9606.ENSP00000216225,8,0,4,13,1435
9606.ENSP00000256474,3,0,1,3,438
9606.ENSP00000265070,9,1,2,19,103
9606.ENSP00000312082,4,1,2,5,1345
9606.ENSP00000444788,4,1,2,5,1741
9606.ENSP00000296026,4,1,2,5,1161
9606.ENSP00000085219,4,1,2,5,1322
9606.ENSP00000221132,1,1,3,12,1492
9606.ENSP00000419411,4,1,2,5,355
9606.ENSP00000162749,1,1,3,12,1258
9606.ENSP00000361087,4,1,0,5,1264
9606.ENSP00000384262,2,1,0,2,1264
9606.ENSP00000011653,4,1,2,5,843
9606.ENSP00000286758,4,1,2,5,1161
9606.ENSP00000219235,4,1,2,5,1161
9606.ENSP00000219244,4,1,2,5,1161
9606.ENSP00000215754,4,1,2,5,1198
9606.ENSP00000409952,7,0,6,17,954
9606.ENSP00000245539,7,0,6,17,954
9606.ENSP00000252602,7,0,6,17,954
9606.ENSP00000333926,7,0,6,17,954
9606.ENSP00000009530,7,1,6,17,954
9606.ENSP00000296027,4,1,2,5,1161
9606.ENSP00000295683,4,1,2,5,1161
9606.ENSP00000293778,4,1,2,5,1161
9606.ENSP00000006053,4,1,2,5,1161
9606.ENSP00000374507,5,0,7,24,1181
9606.ENSP00000361959,5,4,7,24,1181
9606.ENSP00000357655,5,4,7,24,1181
9606.ENSP00000220772,5,4,7,24,1181
9606.ENSP00000005340,5,0,7,24,1181
9606.ENSP00000365530,9,2,1,19,103
9606.ENSP00000005257,1,2,3,1,531
9606.ENSP00000285947,3,1,1,3,956
9606.ENSP00000003302,3,0,1,3,1435
