node,louvain,greedy,leiden,infomap,dcsbm
9606.ENSP00000439170,0,10,12,40,49
9606.ENSP00000495202,0,10,12,40,49
9606.ENSP00000406229,1,1,1,2,39
9606.ENSP00000495360,1,1,1,2,248
9606.ENSP00000403323,2,2,0,7,1331
9606.ENSP00000497733,2,2,0,7,1331
9606.ENSP00000443459,3,2,2,13,49
9606.ENSP00000497574,3,2,2,11,8
9606.ENSP00000445175,3,2,2,13,49
9606.ENSP00000384881,2,0,0,8,39
9606.ENSP00000426809,2,0,0,8,702
9606.ENSP00000370047,4,1,7,9,266
9606.ENSP00000376276,4,1,7,9,266
9606.ENSP00000367972,1,1,1,2,123
9606.ENSP00000381382,1,1,1,2,123
9606.ENSP00000369390,5,1,4,6,1462
9606.ENSP00000384849,5,1,4,6,1462
9606.ENSP00000401112,1,1,1,2,123
9606.ENSP00000484803,1,1,1,2,123
9606.ENSP00000360020,2,0,0,3,1331
9606.ENSP00000501150,2,0,0,3,1146
9606.ENSP00000358765,6,0,3,1,813
9606.ENSP00000378786,6,0,3,1,813
9606.ENSP00000356696,1,1,1,2,49
9606.ENSP00000437955,1,1,1,2,1297
9606.ENSP00000354376,2,2,0,35,39
9606.ENSP00000405738,2,2,0,35,39
9606.ENSP00000350402,6,0,3,1,1687
9606.ENSP00000497102,6,0,3,1,1687
9606.ENSP00000391249,1,2,1,2,123
9606.ENSP00000345243,6,0,0,8,1469
9606.ENSP00000481841,6,0,0,8,702
9606.ENSP00000345347,6,0,3,1,840
9606.ENSP00000355361,6,0,0,8,1469
9606.ENSP00000457991,2,2,2,7,1528
9606.ENSP00000500582,2,2,2,7,1528
9606.ENSP00000340939,2,2,0,20,39
9606.ENSP00000346879,7,2,6,12,146
9606.ENSP00000347379,2,2,0,20,39
9606.ENSP00000348416,2,2,0,20,39
9606.ENSP00000409544,2,2,0,20,39
9606.ENSP00000380131,2,2,0,20,39
9606.ENSP00000378577,2,2,0,20,39
9606.ENSP00000375682,8,8,11,33,258
9606.ENSP00000470538,8,8,11,33,258
9606.ENSP00000433138,3,0,3,5,528
9606.ENSP00000358794,3,2,2,13,49
9606.ENSP00000367608,1,1,1,13,49
9606.ENSP00000416293,3,2,2,13,49
9606.ENSP00000333363,9,11,13,38,49
9606.ENSP00000458355,9,11,13,38,49
9606.ENSP00000338796,10,5,9,22,258
9606.ENSP00000349085,10,5,9,22,258
9606.ENSP00000371638,1,1,1,2,189
9606.ENSP00000353379,10,5,9,22,258
9606.ENSP00000473093,10,5,9,22,258
9606.ENSP00000327459,5,1,4,24,49
9606.ENSP00000384359,5,1,4,24,49
9606.ENSP00000364212,5,1,4,24,49
9606.ENSP00000326159,7,0,5,16,135
9606.ENSP00000358525,2,0,0,3,934
9606.ENSP00000355627,7,0,5,16,135
9606.ENSP00000437550,1,1,1,2,123
9606.ENSP00000478927,1,1,1,2,123
9606.ENSP00000499786,1,1,1,2,1200
9606.ENSP00000413861,7,9,6,34,146
9606.ENSP00000484824,7,2,6,12,146
9606.ENSP00000470555,7,9,6,34,146
9606.ENSP00000480132,6,0,3,1,1553
9606.ENSP00000489597,2,0,0,3,1146
9606.ENSP00000375678,7,9,6,34,146
9606.ENSP00000323328,7,9,6,34,146
9606.ENSP00000365817,6,0,3,1,813
9606.ENSP00000370593,7,2,6,12,146
9606.ENSP00000374135,7,2,6,12,146
9606.ENSP00000321835,4,1,7,23,258
9606.ENSP00000361066,1,1,1,2,191
9606.ENSP00000400142,4,1,7,9,266
9606.ENSP00000381588,3,0,0,23,258
9606.ENSP00000368667,6,0,3,22,258
9606.ENSP00000386559,6,0,3,1,1623
9606.ENSP00000370989,6,0,3,1,1687
9606.ENSP00000319730,2,0,0,23,258
9606.ENSP00000483552,2,0,0,23,258
9606.ENSP00000358470,6,0,3,1,1687
9606.ENSP00000380855,6,0,3,1,1687
9606.ENSP00000485129,6,0,3,1,1687
9606.ENSP00000315743,5,1,4,6,1462
9606.ENSP00000344635,5,1,4,6,1462
9606.ENSP00000383611,5,1,4,6,1462
9606.ENSP00000339527,1,1,2,2,1171
9606.ENSP00000371253,5,1,4,24,49
9606.ENSP00000396308,5,1,4,24,49
9606.ENSP00000466259,3,1,2,13,49
9606.ENSP00000314500,7,2,6,12,146
9606.ENSP00000485028,7,2,6,12,146
9606.ENSP00000485659,7,2,6,12,146
9606.ENSP00000494061,7,2,6,12,146
9606.ENSP00000312021,4,6,10,31,258
9606.ENSP00000351602,6,0,3,1,702
9606.ENSP00000428540,4,6,10,31,49
9606.ENSP00000353910,4,6,10,31,258
9606.ENSP00000311746,8,8,11,33,258
9606.ENSP00000473047,8,8,11,33,258
9606.ENSP00000384863,5,1,1,9,266
9606.ENSP00000324729,1,1,1,2,123
9606.ENSP00000372035,1,1,1,2,123
9606.ENSP00000349547,1,1,1,2,123
9606.ENSP00000344666,2,1,0,2,123
9606.ENSP00000361027,1,1,1,2,123
9606.ENSP00000435233,1,1,1,2,123
9606.ENSP00000317379,3,2,2,25,8
9606.ENSP00000444408,3,2,2,25,8
9606.ENSP00000309595,5,1,4,24,49
9606.ENSP00000420588,3,1,2,5,1280
9606.ENSP00000351185,5,1,4,4,278
9606.ENSP00000379038,5,1,4,24,49
9606.ENSP00000308117,2,0,0,8,1644
9606.ENSP00000346839,2,0,0,8,824
9606.ENSP00000307411,1,1,1,2,123
9606.ENSP00000381657,1,1,1,2,189
9606.ENSP00000436786,1,1,1,2,189
9606.ENSP00000343619,13,1,8,26,123
9606.ENSP00000306991,5,1,4,6,258
9606.ENSP00000398632,6,0,0,8,824
9606.ENSP00000377492,5,1,4,6,1074
9606.ENSP00000305976,1,2,2,7,288
9606.ENSP00000309591,1,2,2,7,797
9606.ENSP00000359719,1,2,2,7,797
9606.ENSP00000366488,1,2,2,7,797
9606.ENSP00000387699,1,1,1,2,191
9606.ENSP00000305302,3,2,2,25,8
9606.ENSP00000370254,7,2,5,18,135
9606.ENSP00000378488,7,2,5,18,135
9606.ENSP00000498939,7,2,5,18,135
9606.ENSP00000497274,7,2,5,18,135
9606.ENSP00000498246,7,2,5,18,135
9606.ENSP00000302846,1,2,2,7,135
9606.ENSP00000360141,7,2,5,16,135
9606.ENSP00000356438,6,0,3,1,840
9606.ENSP00000409581,2,2,2,7,1200
9606.ENSP00000362680,2,0,0,7,874
9606.ENSP00000354612,6,2,3,1,8
9606.ENSP00000302716,7,2,6,12,146
9606.ENSP00000381008,7,2,6,12,146
9606.ENSP00000406861,7,2,6,12,146
9606.ENSP00000417498,7,2,6,12,146
9606.ENSP00000302621,2,2,2,5,258
9606.ENSP00000362299,2,0,0,8,702
9606.ENSP00000307786,3,2,2,5,585
9606.ENSP00000313581,7,2,1,12,146
9606.ENSP00000314151,7,2,0,12,146
9606.ENSP00000363822,1,1,1,2,191
9606.ENSP00000301420,7,2,1,12,146
9606.ENSP00000380308,3,1,2,6,49
9606.ENSP00000494750,3,1,2,5,585
9606.ENSP00000413720,5,1,4,6,1462
9606.ENSP00000319170,5,1,4,24,49
9606.ENSP00000468425,5,1,4,6,540
9606.ENSP00000299413,14,12,14,37,266
9606.ENSP00000312981,14,12,14,37,266
9606.ENSP00000299335,3,2,2,5,49
9606.ENSP00000332256,7,2,5,18,135
9606.ENSP00000297405,7,2,6,12,146
9606.ENSP00000467141,2,2,2,7,797
9606.ENSP00000314029,1,1,1,2,356
9606.ENSP00000376077,1,1,1,2,482
9606.ENSP00000351446,1,1,1,2,189
9606.ENSP00000356480,1,1,1,2,189
9606.ENSP00000370936,1,1,1,2,356
9606.ENSP00000348056,1,1,1,2,1046
9606.ENSP00000326804,5,1,4,6,522
9606.ENSP00000337088,1,1,1,2,189
9606.ENSP00000335153,3,2,2,5,1196
9606.ENSP00000296839,7,2,5,18,135
9606.ENSP00000478561,7,2,5,18,135
9606.ENSP00000295746,5,1,2,7,49
9606.ENSP00000478887,1,1,1,2,1297
9606.ENSP00000324804,2,2,2,7,1528
9606.ENSP00000300093,5,1,4,6,540
9606.ENSP00000369927,7,2,5,18,135
9606.ENSP00000379683,7,2,5,18,135
9606.ENSP00000303424,1,1,1,11,189
9606.ENSP00000320147,1,1,1,2,189
9606.ENSP00000493594,3,2,2,5,528
9606.ENSP00000291442,2,2,0,7,1331
9606.ENSP00000471457,2,2,0,7,1331
9606.ENSP00000360526,1,1,1,2,1412
9606.ENSP00000430432,1,1,1,2,189
9606.ENSP00000362649,1,1,1,2,1046
9606.ENSP00000383042,1,1,1,2,189
9606.ENSP00000405330,1,1,1,2,191
9606.ENSP00000365773,1,1,1,13,49
9606.ENSP00000493382,5,1,1,13,49
9606.ENSP00000306920,4,6,10,31,49
9606.ENSP00000351807,2,0,0,8,1644
9606.ENSP00000376352,3,2,2,13,49
9606.ENSP00000451828,2,2,2,7,198
9606.ENSP00000290295,1,1,1,2,123
9606.ENSP00000352926,1,1,1,2,123
9606.ENSP00000375622,6,0,3,1,813
9606.ENSP00000438038,6,0,3,1,813
9606.ENSP00000315011,7,0,5,16,135
9606.ENSP00000368683,6,0,0,16,812
9606.ENSP00000366416,7,0,5,16,135
9606.ENSP00000380093,1,1,1,2,1056
9606.ENSP00000495951,2,0,0,3,61
9606.ENSP00000283928,1,1,1,2,189
9606.ENSP00000316578,1,1,1,2,189
9606.ENSP00000380494,1,1,1,2,189
9606.ENSP00000340330,1,1,1,2,356
9606.ENSP00000311513,3,2,2,5,356
9606.ENSP00000360609,3,2,2,5,1196
9606.ENSP00000336868,5,1,4,6,1074
9606.ENSP00000344967,2,2,2,7,1307
9606.ENSP00000401888,2,2,2,7,1528
9606.ENSP00000337733,8,8,11,33,258
9606.ENSP00000278742,8,8,11,33,258
9606.ENSP00000380281,7,2,5,16,135
9606.ENSP00000296129,2,0,0,3,1146
9606.ENSP00000351209,2,0,0,3,396
9606.ENSP00000336740,2,2,0,7,1331
9606.ENSP00000432660,2,2,0,7,1331
9606.ENSP00000469413,2,2,0,7,1331
9606.ENSP00000382697,2,2,0,7,1331
9606.ENSP00000400175,2,2,0,7,1331
9606.ENSP00000379287,2,2,2,7,1528
9606.ENSP00000357801,3,2,0,21,258
9606.ENSP00000366109,3,2,0,21,258
9606.ENSP00000377833,3,2,0,21,258
9606.ENSP00000478026,3,2,0,21,258
9606.ENSP00000271638,3,2,0,21,258
9606.ENSP00000346032,3,0,0,21,258
9606.ENSP00000318195,4,1,7,9,266
9606.ENSP00000357709,3,2,0,21,258
9606.ENSP00000270162,1,1,1,2,135
9606.ENSP00000275525,2,0,0,8,812
9606.ENSP00000376637,2,0,0,3,61
9606.ENSP00000391826,2,0,0,3,61
9606.ENSP00000380432,2,0,0,3,1660
9606.ENSP00000497069,2,0,0,3,396
9606.ENSP00000379138,6,2,0,8,146
9606.ENSP00000368880,1,1,2,2,1171
9606.ENSP00000336790,1,2,2,7,1171
9606.ENSP00000349437,2,0,0,8,812
9606.ENSP00000370473,2,0,0,8,812
9606.ENSP00000302150,6,0,0,18,135
9606.ENSP00000369816,7,0,0,18,135
9606.ENSP00000344215,1,1,1,2,123
9606.ENSP00000385571,1,1,1,2,123
9606.ENSP00000411256,3,2,2,5,377
9606.ENSP00000310447,3,2,2,25,8
9606.ENSP00000274289,1,1,1,17,123
9606.ENSP00000296930,1,1,1,2,1297
9606.ENSP00000309968,1,0,0,17,1243
9606.ENSP00000339001,3,2,2,5,49
9606.ENSP00000354558,2,2,2,7,1315
9606.ENSP00000437125,3,2,2,5,1280
9606.ENSP00000386786,3,2,2,5,49
9606.ENSP00000339063,4,2,2,15,9
9606.ENSP00000380070,3,2,2,5,585
9606.ENSP00000393963,5,1,4,6,1074
9606.ENSP00000324203,5,1,4,4,522
9606.ENSP00000494538,1,1,1,2,189
9606.ENSP00000362578,5,1,4,4,482
9606.ENSP00000451291,4,1,7,9,1283
9606.ENSP00000365588,5,1,4,4,482
9606.ENSP00000364912,1,1,1,2,1243
9606.ENSP00000384018,1,1,1,2,1412
9606.ENSP00000498587,1,1,1,17,1243
9606.ENSP00000336606,5,1,4,4,278
9606.ENSP00000493712,5,1,4,4,1691
9606.ENSP00000362441,5,1,4,4,482
9606.ENSP00000351284,5,1,4,4,278
9606.ENSP00000361043,5,1,4,4,1691
9606.ENSP00000418960,5,1,4,4,482
9606.ENSP00000369497,5,1,4,4,1691
9606.ENSP00000336701,5,1,4,4,278
9606.ENSP00000419881,5,1,4,4,278
9606.ENSP00000466399,5,1,4,4,278
9606.ENSP00000484288,5,1,4,4,278
9606.ENSP00000466834,5,1,4,4,278
9606.ENSP00000355506,5,1,4,4,1691
9606.ENSP00000451974,5,1,4,4,278
9606.ENSP00000482313,5,1,4,4,278
9606.ENSP00000353846,2,2,2,7,797
9606.ENSP00000419081,2,2,2,7,288
9606.ENSP00000369689,2,2,2,7,288
9606.ENSP00000486891,1,1,1,2,123
9606.ENSP00000399518,1,1,1,2,123
9606.ENSP00000377047,2,0,0,3,1644
9606.ENSP00000385451,2,0,0,3,1644
9606.ENSP00000379873,6,0,3,1,813
9606.ENSP00000445675,10,5,9,22,258
9606.ENSP00000356030,6,0,0,30,258
9606.ENSP00000498879,6,0,0,30,258
9606.ENSP00000477713,6,0,3,1,479
9606.ENSP00000328835,5,1,4,4,1691
9606.ENSP00000411532,5,1,4,6,1074
9606.ENSP00000272233,2,2,0,7,1331
9606.ENSP00000463939,2,2,0,7,1331
9606.ENSP00000317985,2,2,0,7,1331
9606.ENSP00000376457,5,1,4,6,1074
9606.ENSP00000286827,2,0,0,7,1331
9606.ENSP00000298159,2,2,0,7,1331
9606.ENSP00000265071,2,2,0,28,39
9606.ENSP00000269141,2,2,0,3,39
9606.ENSP00000382004,2,2,0,7,39
9606.ENSP00000268613,1,2,1,28,39
9606.ENSP00000389814,1,0,0,8,589
9606.ENSP00000418915,1,1,1,2,1297
9606.ENSP00000274532,2,0,0,23,1065
9606.ENSP00000331831,2,0,0,23,1065
9606.ENSP00000263798,2,0,0,23,1146
9606.ENSP00000496577,6,0,3,1,1124
9606.ENSP00000330341,6,0,3,1,1124
9606.ENSP00000264674,1,1,1,2,1412
9606.ENSP00000290921,1,1,1,2,1412
9606.ENSP00000300305,1,1,1,2,1412
9606.ENSP00000311825,1,1,1,2,1412
9606.ENSP00000378974,1,2,2,2,1307
9606.ENSP00000394560,1,2,2,2,1307
9606.ENSP00000332973,1,1,1,2,15
9606.ENSP00000360266,1,1,1,2,1171
9606.ENSP00000337976,1,1,1,2,189
9606.ENSP00000377003,4,2,7,9,39
9606.ENSP00000410242,4,4,7,9,1283
9606.ENSP00000418823,4,4,7,9,1283
9606.ENSP00000321326,7,0,5,16,135
9606.ENSP00000366307,6,0,3,1,152
9606.ENSP00000403701,2,2,2,7,1200
9606.ENSP00000363553,7,7,5,16,135
9606.ENSP00000443256,7,7,5,16,135
9606.ENSP00000359643,7,7,5,16,135
9606.ENSP00000393098,7,7,5,16,135
9606.ENSP00000408205,7,7,5,16,135
9606.ENSP00000367691,7,7,5,16,135
9606.ENSP00000322788,6,0,0,8,812
9606.ENSP00000334145,6,0,3,1,152
9606.ENSP00000419260,2,0,0,3,1146
9606.ENSP00000388566,3,0,3,5,528
9606.ENSP00000433209,3,0,3,5,528
9606.ENSP00000448165,3,2,2,5,528
9606.ENSP00000385675,6,0,3,1,840
9606.ENSP00000402758,10,5,9,22,258
9606.ENSP00000263321,10,5,9,22,258
9606.ENSP00000391803,1,1,1,2,191
9606.ENSP00000332602,10,5,9,22,258
9606.ENSP00000379601,3,5,0,22,258
9606.ENSP00000494373,1,1,1,2,49
9606.ENSP00000263083,4,2,2,15,9
9606.ENSP00000307940,4,2,2,15,9
9606.ENSP00000264233,5,1,4,4,278
9606.ENSP00000355759,5,1,4,4,482
9606.ENSP00000305480,5,1,4,4,1691
9606.ENSP00000382628,5,1,4,4,278
9606.ENSP00000367787,5,1,4,4,278
9606.ENSP00000325863,5,1,4,4,278
9606.ENSP00000472445,5,1,4,4,278
9606.ENSP00000322570,5,1,4,4,278
9606.ENSP00000351697,5,1,4,4,278
9606.ENSP00000287647,5,1,4,4,278
9606.ENSP00000307197,1,1,1,13,49
9606.ENSP00000364801,3,2,2,5,1280
9606.ENSP00000262815,1,1,1,13,49
9606.ENSP00000297338,1,1,1,2,356
9606.ENSP00000370896,1,1,1,2,1412
9606.ENSP00000418037,6,0,3,1,778
9606.ENSP00000433623,3,0,2,5,1097
9606.ENSP00000498321,6,0,3,1,778
9606.ENSP00000482259,6,0,3,1,1166
9606.ENSP00000497271,6,0,3,1,778
9606.ENSP00000262094,3,5,0,22,258
9606.ENSP00000447730,3,0,0,8,258
9606.ENSP00000300231,3,2,2,5,377
9606.ENSP00000374455,3,2,2,5,377
9606.ENSP00000498476,3,2,2,5,377
9606.ENSP00000355231,3,2,2,5,377
9606.ENSP00000357625,3,2,2,5,377
9606.ENSP00000425107,3,2,2,5,377
9606.ENSP00000358072,3,2,2,5,377
9606.ENSP00000363970,3,2,2,5,377
9606.ENSP00000346437,3,2,2,5,377
9606.ENSP00000324560,3,2,2,5,377
9606.ENSP00000361471,6,1,1,13,1412
9606.ENSP00000355518,3,1,2,13,49
9606.ENSP00000364649,3,2,2,13,49
9606.ENSP00000356953,3,2,2,13,49
9606.ENSP00000390265,3,1,2,13,49
9606.ENSP00000378408,3,0,2,13,152
9606.ENSP00000495530,3,2,2,13,49
9606.ENSP00000362413,3,2,2,13,49
9606.ENSP00000351015,2,1,0,3,1528
9606.ENSP00000496414,2,2,0,7,1331
9606.ENSP00000495564,2,2,0,35,39
9606.ENSP00000410294,2,0,0,3,396
9606.ENSP00000295522,2,2,0,20,39
9606.ENSP00000360269,2,2,0,20,39
9606.ENSP00000371958,3,0,0,8,258
9606.ENSP00000296585,2,0,0,8,1065
9606.ENSP00000417050,3,0,0,20,258
9606.ENSP00000353475,2,2,0,20,39
9606.ENSP00000379350,2,0,0,8,1065
9606.ENSP00000359380,1,1,0,8,589
9606.ENSP00000385523,1,1,0,8,589
9606.ENSP00000280612,3,2,2,25,8
9606.ENSP00000367123,3,2,0,25,8
9606.ENSP00000444357,5,1,4,14,522
9606.ENSP00000380252,3,1,2,11,8
9606.ENSP00000346103,3,2,2,11,8
9606.ENSP00000404854,1,2,2,2,522
9606.ENSP00000261622,3,2,2,25,8
9606.ENSP00000261523,1,1,1,2,1412
9606.ENSP00000264634,12,3,5,10,1188
9606.ENSP00000263253,1,1,1,2,1046
9606.ENSP00000264867,1,1,2,2,589
9606.ENSP00000348069,1,1,0,8,589
9606.ENSP00000265641,1,1,0,8,589
9606.ENSP00000368632,1,0,1,2,1412
9606.ENSP00000306245,1,1,1,2,1171
9606.ENSP00000302967,1,1,1,2,189
9606.ENSP00000263966,3,1,1,14,522
9606.ENSP00000361021,2,1,2,7,1528
9606.ENSP00000274255,5,1,4,6,1462
9606.ENSP00000343535,1,1,1,2,522
9606.ENSP00000421926,5,1,4,4,482
9606.ENSP00000358022,3,1,2,5,528
9606.ENSP00000357565,5,1,1,14,522
9606.ENSP00000316357,1,1,1,2,123
9606.ENSP00000341551,1,1,1,2,15
9606.ENSP00000340648,1,1,1,2,522
9606.ENSP00000354621,2,1,1,14,1190
9606.ENSP00000323588,1,1,1,2,1056
9606.ENSP00000261402,1,1,1,2,123
9606.ENSP00000324856,2,1,2,7,1528
9606.ENSP00000269305,1,1,1,2,1297
9606.ENSP00000356224,3,1,2,7,49
9606.ENSP00000357283,3,1,2,7,1297
9606.ENSP00000269593,2,3,5,10,1188
9606.ENSP00000363826,12,3,5,10,1188
9606.ENSP00000303174,7,2,5,18,135
9606.ENSP00000478255,7,2,5,18,135
9606.ENSP00000260970,7,2,5,18,135
9606.ENSP00000296215,1,1,1,9,266
9606.ENSP00000497641,4,1,7,9,266
9606.ENSP00000358903,7,2,5,18,135
9606.ENSP00000287936,1,1,0,8,589
9606.ENSP00000295256,3,2,2,11,8
9606.ENSP00000369857,5,1,4,4,278
9606.ENSP00000372023,5,1,4,4,1691
9606.ENSP00000371475,5,1,4,4,482
9606.ENSP00000434024,5,1,4,4,482
9606.ENSP00000352408,5,1,4,4,278
9606.ENSP00000360689,5,1,4,4,522
9606.ENSP00000481021,5,1,4,4,278
9606.ENSP00000264331,5,1,4,4,356
9606.ENSP00000354522,5,1,4,4,482
9606.ENSP00000343896,1,1,1,2,189
9606.ENSP00000429084,5,1,4,4,522
9606.ENSP00000365280,1,1,1,2,123
9606.ENSP00000376436,1,1,1,2,191
9606.ENSP00000260128,2,0,0,8,1644
9606.ENSP00000304408,2,0,0,8,1644
9606.ENSP00000356954,2,0,0,8,1644
9606.ENSP00000370408,1,1,6,12,146
9606.ENSP00000382800,1,1,1,2,123
9606.ENSP00000419457,1,2,5,10,1190
9606.ENSP00000497217,1,2,5,10,1190
9606.ENSP00000398495,3,0,2,5,528
9606.ENSP00000477613,3,0,2,5,528
9606.ENSP00000499058,3,0,2,5,528
9606.ENSP00000430684,3,0,2,5,1097
9606.ENSP00000259486,7,7,5,16,135
9606.ENSP00000259371,2,2,2,7,1307
9606.ENSP00000351908,3,2,2,7,1307
9606.ENSP00000313391,2,2,2,7,1200
9606.ENSP00000365435,6,0,3,1,778
9606.ENSP00000259808,3,0,2,5,528
9606.ENSP00000407586,2,0,0,3,874
9606.ENSP00000368100,5,1,4,4,278
9606.ENSP00000426191,5,1,4,4,278
9606.ENSP00000375978,5,1,4,4,482
9606.ENSP00000384048,5,1,4,4,482
9606.ENSP00000370653,5,1,4,4,278
9606.ENSP00000483254,4,1,7,9,266
9606.ENSP00000442788,1,1,1,2,1056
9606.ENSP00000461879,1,1,1,2,189
9606.ENSP00000463982,4,4,7,9,1283
9606.ENSP00000425979,4,1,1,9,266
9606.ENSP00000359645,4,1,7,9,1283
9606.ENSP00000440542,1,1,1,2,189
9606.ENSP00000391090,5,1,4,4,1691
9606.ENSP00000405726,5,1,4,6,540
9606.ENSP00000339787,1,1,0,8,589
9606.ENSP00000415743,6,0,0,8,1469
9606.ENSP00000304592,1,1,0,8,589
9606.ENSP00000287820,1,1,1,2,589
9606.ENSP00000354476,1,1,0,8,589
9606.ENSP00000258873,1,1,0,8,589
9606.ENSP00000344401,1,1,1,9,266
9606.ENSP00000437621,1,1,1,9,266
9606.ENSP00000437256,4,1,1,9,266
9606.ENSP00000356150,1,1,4,2,1462
9606.ENSP00000367545,1,1,1,2,123
9606.ENSP00000381185,3,2,2,5,585
9606.ENSP00000404503,3,2,2,5,528
9606.ENSP00000419782,5,1,4,6,1462
9606.ENSP00000378699,5,1,4,6,540
9606.ENSP00000306682,5,1,4,4,1462
9606.ENSP00000360493,1,1,1,2,15
9606.ENSP00000354487,1,1,1,2,15
9606.ENSP00000340347,1,1,1,2,123
9606.ENSP00000345206,1,1,1,2,1243
9606.ENSP00000314080,1,1,1,2,1412
9606.ENSP00000487174,1,1,1,2,15
9606.ENSP00000315644,5,1,4,6,540
9606.ENSP00000280377,2,1,1,14,522
9606.ENSP00000447297,2,2,0,14,1190
9606.ENSP00000356421,2,1,1,14,522
9606.ENSP00000377245,3,2,2,11,8
9606.ENSP00000350512,5,1,4,14,522
9606.ENSP00000359206,5,1,2,19,522
9606.ENSP00000284440,3,1,2,14,1280
9606.ENSP00000355865,3,2,2,5,377
9606.ENSP00000437402,7,2,6,13,146
9606.ENSP00000284981,3,0,0,5,198
9606.ENSP00000392025,3,0,2,5,1097
9606.ENSP00000357704,3,2,0,21,258
9606.ENSP00000379097,2,0,0,3,934
9606.ENSP00000446007,3,2,2,5,15
9606.ENSP00000418582,1,1,1,2,123
9606.ENSP00000457230,1,1,1,2,123
9606.ENSP00000265689,5,1,4,6,1462
9606.ENSP00000324806,12,1,2,7,248
9606.ENSP00000266970,5,1,4,6,1462
9606.ENSP00000265734,5,1,4,6,1462
9606.ENSP00000286648,5,1,4,6,49
9606.ENSP00000360250,6,0,3,1,1687
9606.ENSP00000300738,5,1,4,6,540
9606.ENSP00000353770,5,1,4,6,540
9606.ENSP00000299697,5,1,4,24,49
9606.ENSP00000423673,3,2,2,13,49
9606.ENSP00000378487,3,2,2,5,585
9606.ENSP00000298223,7,2,6,12,146
9606.ENSP00000363869,7,0,3,12,146
9606.ENSP00000264982,6,2,3,12,146
9606.ENSP00000313419,6,0,3,1,1553
9606.ENSP00000256999,7,2,6,12,146
9606.ENSP00000301258,7,2,6,12,146
9606.ENSP00000269571,2,0,0,3,874
9606.ENSP00000377284,7,2,6,12,146
9606.ENSP00000295897,6,0,0,8,152
9606.ENSP00000481114,7,2,6,12,146
9606.ENSP00000332963,7,2,6,12,146
9606.ENSP00000275493,2,0,0,3,198
9606.ENSP00000353731,6,0,0,8,1469
9606.ENSP00000372313,7,2,6,12,146
9606.ENSP00000478699,6,0,3,1,1687
9606.ENSP00000375795,6,0,3,1,1108
9606.ENSP00000412237,6,0,3,1,1685
9606.ENSP00000442424,6,0,3,1,1108
9606.ENSP00000379111,6,0,3,1,1108
9606.ENSP00000499900,6,0,3,1,1124
9606.ENSP00000463978,3,2,2,13,49
9606.ENSP00000398880,5,1,4,4,482
9606.ENSP00000294489,2,0,0,3,39
9606.ENSP00000338934,2,2,0,7,1331
9606.ENSP00000353408,2,0,0,7,1331
9606.ENSP00000457421,2,0,0,3,702
9606.ENSP00000480043,2,0,0,3,934
9606.ENSP00000364898,2,0,3,1,479
9606.ENSP00000256178,2,0,0,3,39
9606.ENSP00000261937,2,0,0,3,396
9606.ENSP00000297904,2,0,0,3,934
9606.ENSP00000333769,2,0,0,8,258
9606.ENSP00000265077,2,0,0,8,1644
9606.ENSP00000263923,2,0,0,3,396
9606.ENSP00000259607,6,0,3,1,1166
9606.ENSP00000455897,6,0,3,1,1553
9606.ENSP00000261405,2,0,0,8,824
9606.ENSP00000310036,6,0,0,1,702
9606.ENSP00000497290,2,0,0,3,39
9606.ENSP00000297258,1,1,0,8,589
9606.ENSP00000310928,1,1,0,8,589
9606.ENSP00000312652,6,0,0,8,1660
9606.ENSP00000256104,1,1,0,8,589
9606.ENSP00000427514,1,1,1,2,1412
9606.ENSP00000264896,6,0,0,8,1469
9606.ENSP00000261693,6,0,0,8,1469
9606.ENSP00000305422,1,1,1,2,191
9606.ENSP00000257904,5,1,4,6,1462
9606.ENSP00000362082,5,1,4,6,1462
9606.ENSP00000301455,1,1,0,8,39
9606.ENSP00000462468,2,0,0,3,1146
9606.ENSP00000328169,1,1,1,17,1243
9606.ENSP00000364163,1,3,1,17,1243
9606.ENSP00000352455,1,1,1,17,1243
9606.ENSP00000362361,1,1,1,2,356
9606.ENSP00000386759,1,1,1,2,189
9606.ENSP00000338272,1,1,1,17,1243
9606.ENSP00000357442,1,1,1,2,189
9606.ENSP00000499501,1,1,1,2,356
9606.ENSP00000258962,4,1,7,9,266
9606.ENSP00000362820,4,1,7,9,266
9606.ENSP00000341826,4,1,7,9,266
9606.ENSP00000352252,1,1,1,2,356
9606.ENSP00000349428,4,1,7,9,266
9606.ENSP00000346694,4,1,7,9,1283
9606.ENSP00000365458,4,1,7,9,266
9606.ENSP00000355657,1,1,1,2,356
9606.ENSP00000339835,1,1,1,2,356
9606.ENSP00000333277,1,1,1,2,356
9606.ENSP00000385269,4,1,7,9,266
9606.ENSP00000361626,4,1,7,9,266
9606.ENSP00000296474,2,0,0,3,396
9606.ENSP00000313199,4,1,7,9,266
9606.ENSP00000404121,4,1,7,9,266
9606.ENSP00000283131,1,1,1,2,189
9606.ENSP00000397552,1,1,1,2,189
9606.ENSP00000421339,1,1,1,2,585
9606.ENSP00000425561,4,2,2,15,9
9606.ENSP00000416255,4,2,2,15,9
9606.ENSP00000261783,1,1,1,2,1412
9606.ENSP00000327251,6,0,2,7,288
9606.ENSP00000349446,6,0,3,1,1623
9606.ENSP00000430950,6,0,3,1,1687
9606.ENSP00000382688,1,1,1,2,189
9606.ENSP00000433205,5,1,4,4,482
9606.ENSP00000490491,1,1,1,2,189
9606.ENSP00000433760,1,1,1,2,189
9606.ENSP00000498227,6,0,3,1,1553
9606.ENSP00000431418,2,0,0,3,396
9606.ENSP00000305988,6,0,0,8,702
9606.ENSP00000359077,2,0,0,7,1065
9606.ENSP00000411355,6,0,3,1,1553
9606.ENSP00000449404,7,2,6,12,146
9606.ENSP00000339191,2,0,0,7,198
9606.ENSP00000361405,6,0,0,8,812
9606.ENSP00000345344,3,0,0,5,258
9606.ENSP00000332296,1,1,1,2,123
9606.ENSP00000386135,2,2,2,7,797
9606.ENSP00000303507,2,0,0,3,1146
9606.ENSP00000361423,2,1,0,3,874
9606.ENSP00000376345,2,0,0,3,874
9606.ENSP00000401303,2,0,0,3,1146
9606.ENSP00000341208,6,0,3,1,1124
9606.ENSP00000428056,2,0,0,3,1146
9606.ENSP00000354952,2,0,0,3,1146
9606.ENSP00000271640,1,1,1,2,189
9606.ENSP00000328547,1,1,1,2,189
9606.ENSP00000379078,1,1,1,2,189
9606.ENSP00000352516,1,1,1,2,189
9606.ENSP00000479617,1,1,1,2,356
9606.ENSP00000257552,1,3,1,17,1243
9606.ENSP00000451300,1,3,1,17,1243
9606.ENSP00000357206,2,3,0,29,1056
9606.ENSP00000252809,2,2,0,14,123
9606.ENSP00000351905,2,2,0,14,1190
9606.ENSP00000347942,2,0,0,3,874
9606.ENSP00000371798,2,2,0,7,1331
9606.ENSP00000261313,2,2,2,7,1307
9606.ENSP00000419060,2,2,2,7,1528
9606.ENSP00000302486,2,2,2,7,1307
9606.ENSP00000262746,3,2,2,11,8
9606.ENSP00000252137,1,1,1,2,189
9606.ENSP00000297265,5,1,4,6,1074
9606.ENSP00000308351,3,0,2,5,528
9606.ENSP00000362146,5,1,4,6,1074
9606.ENSP00000360540,5,1,4,6,1074
9606.ENSP00000424827,2,2,2,7,1200
9606.ENSP00000496832,6,0,3,1,1114
9606.ENSP00000428924,2,0,0,3,479
9606.ENSP00000398568,6,0,3,1,1687
9606.ENSP00000250498,3,2,2,36,528
9606.ENSP00000420641,3,2,2,36,528
9606.ENSP00000291527,1,2,1,12,146
9606.ENSP00000391490,1,2,1,12,146
9606.ENSP00000325120,1,2,1,2,191
9606.ENSP00000438804,1,1,1,2,123
9606.ENSP00000480291,1,2,1,2,123
9606.ENSP00000469863,1,1,1,2,123
9606.ENSP00000311579,5,1,4,4,522
9606.ENSP00000381740,5,1,4,4,522
9606.ENSP00000312987,1,1,1,2,123
9606.ENSP00000405453,6,0,0,8,1469
9606.ENSP00000473391,1,1,1,2,189
9606.ENSP00000249501,13,3,8,27,123
9606.ENSP00000249504,13,3,8,27,123
9606.ENSP00000285735,2,2,0,7,1331
9606.ENSP00000376322,13,3,8,27,123
9606.ENSP00000386498,13,3,8,27,123
9606.ENSP00000297261,2,3,0,19,1190
9606.ENSP00000249499,13,3,8,27,123
9606.ENSP00000315949,13,3,8,27,123
9606.ENSP00000249442,13,3,8,27,123
9606.ENSP00000312385,13,3,8,27,123
9606.ENSP00000297185,3,2,2,5,1280
9606.ENSP00000357012,6,0,3,1,813
9606.ENSP00000311005,2,2,2,7,191
9606.ENSP00000368884,2,2,2,7,1307
9606.ENSP00000440864,1,1,2,7,191
9606.ENSP00000435412,2,2,2,7,1307
9606.ENSP00000422435,2,2,2,7,1307
9606.ENSP00000247706,11,13,15,39,528
9606.ENSP00000377971,11,13,15,39,528
9606.ENSP00000299767,3,2,2,5,1280
9606.ENSP00000302961,3,2,2,5,1196
9606.ENSP00000363089,6,0,3,1,840
9606.ENSP00000324173,3,2,2,5,1280
9606.ENSP00000302476,3,2,2,5,1280
9606.ENSP00000303394,3,2,2,5,1280
9606.ENSP00000320866,3,0,2,5,1280
9606.ENSP00000351255,6,0,3,1,1114
9606.ENSP00000480791,2,0,0,3,934
9606.ENSP00000300289,3,2,2,5,1280
9606.ENSP00000442920,3,2,2,11,8
9606.ENSP00000446252,3,2,2,11,8
9606.ENSP00000465261,6,2,3,1,49
9606.ENSP00000263317,6,0,3,16,135
9606.ENSP00000367851,3,0,2,11,8
9606.ENSP00000293328,6,0,3,1,1124
9606.ENSP00000263864,3,2,0,5,377
9606.ENSP00000389913,2,2,0,7,377
9606.ENSP00000263897,3,2,0,5,377
9606.ENSP00000406162,1,1,1,2,189
9606.ENSP00000363314,1,1,1,9,266
9606.ENSP00000369757,4,2,2,15,9
9606.ENSP00000352257,5,1,4,4,482
9606.ENSP00000262300,5,1,4,6,540
9606.ENSP00000288207,5,1,4,6,540
9606.ENSP00000481380,5,1,4,6,540
9606.ENSP00000303706,5,1,4,6,1462
9606.ENSP00000311083,5,1,4,6,1462
9606.ENSP00000361540,5,1,4,6,540
9606.ENSP00000321656,5,1,4,6,540
9606.ENSP00000302530,5,1,4,6,1074
9606.ENSP00000245796,2,2,0,7,1331
9606.ENSP00000298316,2,2,0,7,1331
9606.ENSP00000418008,4,2,2,15,9
9606.ENSP00000382342,7,2,5,18,135
9606.ENSP00000348944,12,2,5,10,1188
9606.ENSP00000463069,12,3,5,10,1188
9606.ENSP00000372547,1,2,1,2,1190
9606.ENSP00000379204,2,1,0,14,1190
9606.ENSP00000441954,2,1,1,14,1190
9606.ENSP00000299001,4,2,1,9,266
9606.ENSP00000245255,4,2,1,9,266
9606.ENSP00000244745,1,1,1,2,123
9606.ENSP00000259915,1,1,1,2,1056
9606.ENSP00000265165,1,1,1,2,123
9606.ENSP00000264657,6,0,3,1,857
9606.ENSP00000384629,1,1,1,2,189
9606.ENSP00000477870,1,1,1,2,189
9606.ENSP00000361473,1,1,1,2,189
9606.ENSP00000367203,1,1,1,2,189
9606.ENSP00000372351,1,1,1,2,189
9606.ENSP00000262189,1,1,1,2,189
9606.ENSP00000301067,1,1,1,2,189
9606.ENSP00000268712,1,1,1,2,1046
9606.ENSP00000320485,1,1,1,2,189
9606.ENSP00000262367,1,1,1,2,1046
9606.ENSP00000340883,1,1,1,2,189
9606.ENSP00000358151,1,1,1,2,356
9606.ENSP00000358155,1,1,1,2,356
9606.ENSP00000332194,1,1,1,2,356
9606.ENSP00000344504,1,1,1,2,189
9606.ENSP00000305918,1,1,1,2,189
9606.ENSP00000378702,1,1,1,2,189
9606.ENSP00000377001,1,1,1,2,522
9606.ENSP00000345571,5,1,4,6,1462
9606.ENSP00000335044,1,1,1,2,189
9606.ENSP00000378181,1,1,1,2,189
9606.ENSP00000386593,1,1,1,2,189
9606.ENSP00000359339,6,0,3,1,1097
9606.ENSP00000369213,6,0,3,1,778
9606.ENSP00000471896,6,0,3,1,778
9606.ENSP00000369581,6,0,3,1,778
9606.ENSP00000370034,6,0,3,1,778
9606.ENSP00000380697,6,0,3,1,778
9606.ENSP00000320898,5,1,4,4,482
9606.ENSP00000396052,1,1,1,2,189
9606.ENSP00000494957,5,1,4,4,1691
9606.ENSP00000338171,2,0,0,7,479
9606.ENSP00000346671,2,0,0,3,479
9606.ENSP00000354782,6,0,3,1,813
9606.ENSP00000453508,2,0,0,7,1065
9606.ENSP00000243924,2,0,0,8,1146
9606.ENSP00000366563,2,0,0,3,1146
9606.ENSP00000342082,6,0,0,8,152
9606.ENSP00000243440,6,0,3,1,1553
9606.ENSP00000465894,6,0,3,1,1553
9606.ENSP00000454623,6,0,3,1,1553
9606.ENSP00000263087,6,0,3,1,1553
9606.ENSP00000370343,6,0,3,1,1412
9606.ENSP00000259392,4,2,2,32,8
9606.ENSP00000345728,4,2,2,32,8
9606.ENSP00000363329,4,2,2,32,8
9606.ENSP00000242839,4,2,2,32,8
9606.ENSP00000328137,4,2,2,32,8
9606.ENSP00000381607,3,2,2,11,8
9606.ENSP00000443432,6,0,3,1,1687
9606.ENSP00000493906,1,1,2,19,135
9606.ENSP00000242057,7,2,5,18,135
9606.ENSP00000351407,1,1,1,2,1315
9606.ENSP00000267163,1,1,1,2,1462
9606.ENSP00000481249,6,0,3,1,1114
9606.ENSP00000422464,2,0,0,3,934
9606.ENSP00000451040,2,0,0,3,934
9606.ENSP00000366024,6,0,3,1,813
9606.ENSP00000497910,6,0,3,1,813
9606.ENSP00000375629,6,0,3,1,813
9606.ENSP00000478289,6,0,3,1,479
9606.ENSP00000399168,6,0,3,1,813
9606.ENSP00000371327,6,0,3,1,813
9606.ENSP00000341637,6,0,3,1,813
9606.ENSP00000342156,6,0,3,1,813
9606.ENSP00000362181,6,0,3,1,813
9606.ENSP00000461947,6,0,3,1,813
9606.ENSP00000402060,6,0,3,1,813
9606.ENSP00000290551,1,1,2,2,191
9606.ENSP00000360025,1,1,4,2,1462
9606.ENSP00000363868,1,0,0,8,589
9606.ENSP00000263645,3,0,0,8,258
9606.ENSP00000355751,2,0,0,8,1644
9606.ENSP00000356946,6,0,3,1,1553
9606.ENSP00000433642,6,0,3,1,1553
9606.ENSP00000264832,6,0,3,1,1469
9606.ENSP00000303208,6,0,0,8,589
9606.ENSP00000380948,6,0,0,1,1469
9606.ENSP00000294728,6,0,3,1,1469
9606.ENSP00000496959,6,0,3,1,1553
9606.ENSP00000263686,6,0,3,1,1469
9606.ENSP00000297268,2,0,0,8,1644
9606.ENSP00000292301,6,0,3,1,1166
9606.ENSP00000376197,6,0,0,8,702
9606.ENSP00000300060,6,0,0,8,702
9606.ENSP00000339328,6,0,0,8,812
9606.ENSP00000263341,6,0,3,1,840
9606.ENSP00000331736,6,0,3,1,1469
9606.ENSP00000398698,6,0,3,1,840
9606.ENSP00000361359,6,0,3,1,1623
9606.ENSP00000262262,6,0,3,1,1553
9606.ENSP00000394936,6,0,0,8,152
9606.ENSP00000416066,6,0,0,8,152
9606.ENSP00000357452,1,1,0,8,589
9606.ENSP00000236671,3,0,0,5,258
9606.ENSP00000333298,6,0,3,5,258
9606.ENSP00000345672,3,0,0,5,258
9606.ENSP00000365230,3,0,2,5,528
9606.ENSP00000357981,3,0,0,5,258
9606.ENSP00000252486,6,0,0,8,152
9606.ENSP00000360242,3,0,2,5,528
9606.ENSP00000361850,6,0,0,8,812
9606.ENSP00000349436,2,2,0,7,1331
9606.ENSP00000264926,5,1,4,4,278
9606.ENSP00000368458,5,1,4,4,1691
9606.ENSP00000316176,5,1,4,4,522
9606.ENSP00000267430,5,1,4,4,278
9606.ENSP00000343526,5,1,4,4,278
9606.ENSP00000393139,5,1,4,6,540
9606.ENSP00000265433,5,1,4,4,278
9606.ENSP00000298139,5,1,4,4,278
9606.ENSP00000343741,5,1,4,4,1691
9606.ENSP00000310520,5,1,4,4,278
9606.ENSP00000307853,5,1,4,4,278
9606.ENSP00000310842,5,1,4,4,1691
9606.ENSP00000363017,5,1,4,4,1691
9606.ENSP00000235310,5,1,4,4,1691
9606.ENSP00000287598,5,1,4,6,1074
9606.ENSP00000480987,5,1,4,6,1691
9606.ENSP00000234313,2,0,0,7,1331
9606.ENSP00000483570,2,0,3,1,479
9606.ENSP00000356231,2,2,0,7,1331
9606.ENSP00000274376,2,0,0,3,1331
9606.ENSP00000316029,2,0,0,7,1065
9606.ENSP00000375892,2,2,2,7,1528
9606.ENSP00000249071,2,2,0,7,1331
9606.ENSP00000304895,2,0,0,3,1660
9606.ENSP00000262629,6,0,3,1,813
9606.ENSP00000233809,2,0,0,3,812
9606.ENSP00000311360,5,1,4,4,482
9606.ENSP00000323099,5,1,4,4,1691
9606.ENSP00000312995,5,1,4,6,1691
9606.ENSP00000500891,5,1,4,4,278
9606.ENSP00000337332,1,1,1,2,189
9606.ENSP00000317039,5,1,4,4,278
9606.ENSP00000416739,5,1,4,4,278
9606.ENSP00000438483,5,1,4,6,540
9606.ENSP00000257570,6,0,3,1,778
9606.ENSP00000354394,6,0,3,1,857
9606.ENSP00000315768,6,0,3,1,1114
9606.ENSP00000306884,6,0,3,1,1166
9606.ENSP00000305651,6,0,3,1,893
9606.ENSP00000302111,5,1,4,4,482
9606.ENSP00000331897,3,1,2,13,49
9606.ENSP00000306561,5,1,4,4,278
9606.ENSP00000309572,5,1,4,4,522
9606.ENSP00000352798,2,0,0,8,1644
9606.ENSP00000358140,4,2,2,15,9
9606.ENSP00000319169,1,1,1,2,189
9606.ENSP00000357189,2,0,0,3,396
9606.ENSP00000339992,1,1,1,2,1412
9606.ENSP00000268150,2,0,0,8,1065
9606.ENSP00000289361,2,0,0,8,1331
9606.ENSP00000452786,2,0,0,8,1065
9606.ENSP00000301178,2,0,0,3,1146
9606.ENSP00000348170,6,0,0,8,152
9606.ENSP00000352071,6,0,3,1,1553
9606.ENSP00000362108,6,0,0,8,152
9606.ENSP00000466090,6,0,0,8,152
9606.ENSP00000237014,6,0,0,8,152
9606.ENSP00000315130,6,0,0,8,152
9606.ENSP00000362924,2,2,0,7,1331
9606.ENSP00000400341,1,1,1,2,123
9606.ENSP00000259396,6,0,0,8,152
9606.ENSP00000297029,2,2,0,7,1331
9606.ENSP00000255030,6,0,3,1,152
9606.ENSP00000231751,6,0,0,8,152
9606.ENSP00000236850,6,0,0,8,152
9606.ENSP00000378517,2,0,0,8,1644
9606.ENSP00000291009,7,2,6,12,146
9606.ENSP00000420174,6,0,0,8,152
9606.ENSP00000391594,6,0,0,8,152
9606.ENSP00000419945,6,0,0,8,258
9606.ENSP00000416330,2,0,0,8,1644
9606.ENSP00000254480,1,1,1,2,189
9606.ENSP00000263377,1,1,1,2,189
9606.ENSP00000325690,1,1,1,2,191
9606.ENSP00000262160,1,1,1,2,15
9606.ENSP00000291890,6,0,3,1,813
9606.ENSP00000442460,2,0,0,3,1146
9606.ENSP00000305372,2,2,2,7,135
9606.ENSP00000386884,6,0,3,1,893
9606.ENSP00000311127,2,0,0,3,934
9606.ENSP00000355718,1,1,1,17,1243
9606.ENSP00000363377,1,1,2,2,1307
9606.ENSP00000384273,1,0,1,2,1171
9606.ENSP00000483825,3,0,2,5,1097
9606.ENSP00000365851,1,1,1,2,189
9606.ENSP00000398736,2,1,1,2,123
9606.ENSP00000244869,2,0,0,3,934
9606.ENSP00000342235,2,0,0,3,396
9606.ENSP00000267101,2,0,0,3,396
9606.ENSP00000265171,2,0,0,3,61
9606.ENSP00000404131,2,0,0,3,934
9606.ENSP00000287842,2,0,0,3,396
9606.ENSP00000317272,2,0,0,3,396
9606.ENSP00000294954,7,2,5,18,135
9606.ENSP00000256078,2,0,0,3,874
9606.ENSP00000282397,2,0,0,3,396
9606.ENSP00000261799,2,0,0,3,1094
9606.ENSP00000257290,2,0,0,3,1094
9606.ENSP00000288135,2,0,0,3,1094
9606.ENSP00000393312,2,0,0,3,396
9606.ENSP00000369375,2,0,0,3,396
9606.ENSP00000339824,2,0,0,3,396
9606.ENSP00000414303,2,0,0,3,1660
9606.ENSP00000384675,2,0,0,3,1146
9606.ENSP00000264036,2,0,0,8,39
9606.ENSP00000284240,6,0,0,8,702
9606.ENSP00000415579,1,1,1,2,189
9606.ENSP00000313950,5,1,4,6,1074
9606.ENSP00000362674,1,1,1,2,189
9606.ENSP00000377536,5,1,4,6,1074
9606.ENSP00000402084,5,1,4,6,1462
9606.ENSP00000298556,3,2,2,5,49
9606.ENSP00000302728,3,2,2,5,49
9606.ENSP00000375809,5,1,4,4,482
9606.ENSP00000370938,1,1,1,2,189
9606.ENSP00000264932,3,2,2,13,49
9606.ENSP00000372191,1,1,1,2,189
9606.ENSP00000410402,2,2,2,7,1307
9606.ENSP00000310170,1,1,1,2,191
9606.ENSP00000344352,1,1,1,2,191
9606.ENSP00000327048,1,1,1,2,1307
9606.ENSP00000278568,2,2,0,7,1331
9606.ENSP00000358866,2,2,0,7,1331
9606.ENSP00000311032,3,2,2,5,585
9606.ENSP00000382423,2,2,2,7,1307
9606.ENSP00000365745,2,2,0,7,1331
9606.ENSP00000252229,6,0,3,1,813
9606.ENSP00000356320,6,0,3,1,813
9606.ENSP00000338130,6,0,3,1,813
9606.ENSP00000315997,6,0,3,1,813
9606.ENSP00000296545,6,0,3,1,1108
9606.ENSP00000484431,6,0,3,1,813
9606.ENSP00000229708,6,0,3,1,813
9606.ENSP00000240618,6,0,3,1,813
9606.ENSP00000246551,6,0,3,1,479
9606.ENSP00000252483,6,0,3,1,813
9606.ENSP00000326432,6,0,3,1,1166
9606.ENSP00000363804,1,1,1,2,1056
9606.ENSP00000370270,1,1,1,2,123
9606.ENSP00000384851,1,1,1,2,1412
9606.ENSP00000362748,1,1,1,2,189
9606.ENSP00000386869,1,1,1,2,189
9606.ENSP00000297316,1,1,1,2,123
9606.ENSP00000435712,1,1,1,2,1056
9606.ENSP00000388620,1,0,1,2,123
9606.ENSP00000269216,1,1,1,2,123
9606.ENSP00000373783,2,0,0,8,1644
9606.ENSP00000482581,1,1,1,2,1190
9606.ENSP00000292431,1,1,1,2,123
9606.ENSP00000297785,7,2,5,18,135
9606.ENSP00000329991,6,0,3,1,1114
9606.ENSP00000369554,6,0,3,1,1108
9606.ENSP00000353874,6,0,3,1,778
9606.ENSP00000357470,6,0,3,1,1124
9606.ENSP00000411940,6,0,3,1,1114
9606.ENSP00000371067,6,0,3,1,1124
9606.ENSP00000432511,6,0,3,1,1124
9606.ENSP00000409346,6,0,3,1,1114
9606.ENSP00000357459,12,1,7,9,266
9606.ENSP00000412897,6,0,3,1,1114
9606.ENSP00000329967,3,0,2,5,1097
9606.ENSP00000433847,6,0,3,1,813
9606.ENSP00000360120,12,3,5,10,1188
9606.ENSP00000434034,12,3,5,10,1188
9606.ENSP00000373952,5,1,4,4,278
9606.ENSP00000310356,5,1,4,4,278
9606.ENSP00000330875,5,1,4,4,278
9606.ENSP00000352271,5,1,4,4,278
9606.ENSP00000367910,5,1,4,4,278
9606.ENSP00000385021,5,1,4,4,278
9606.ENSP00000498215,5,1,4,4,278
9606.ENSP00000228843,5,1,4,6,1691
9606.ENSP00000261584,5,1,4,4,278
9606.ENSP00000298048,5,1,4,6,1074
9606.ENSP00000260731,5,1,4,6,1074
9606.ENSP00000244040,5,1,4,6,278
9606.ENSP00000358813,5,1,4,6,1074
9606.ENSP00000363524,5,1,4,6,1074
9606.ENSP00000378356,5,1,4,6,1074
9606.ENSP00000428489,5,1,4,6,1074
9606.ENSP00000342307,5,1,4,6,540
9606.ENSP00000301633,5,1,4,6,1074
9606.ENSP00000358918,1,1,2,19,1200
9606.ENSP00000390436,1,1,2,19,1200
9606.ENSP00000249373,1,2,2,19,1200
9606.ENSP00000332353,1,1,2,19,1200
9606.ENSP00000295731,1,3,0,19,1190
9606.ENSP00000408695,2,2,2,7,797
9606.ENSP00000261798,12,1,5,10,1188
9606.ENSP00000463027,3,2,2,11,135
9606.ENSP00000448083,1,2,6,19,146
9606.ENSP00000377836,12,3,5,10,1188
9606.ENSP00000441765,7,3,0,19,1190
9606.ENSP00000396198,2,0,0,3,61
9606.ENSP00000368104,2,0,0,14,1190
9606.ENSP00000321797,2,0,0,3,934
9606.ENSP00000328181,2,3,0,14,1190
9606.ENSP00000322804,2,2,2,19,797
9606.ENSP00000228682,1,1,2,19,1200
9606.ENSP00000264414,5,1,2,19,522
9606.ENSP00000263754,1,1,1,2,189
9606.ENSP00000229307,1,1,1,2,1056
9606.ENSP00000290341,4,1,7,9,1283
9606.ENSP00000281043,1,1,1,2,1462
9606.ENSP00000358548,2,0,0,3,874
9606.ENSP00000364270,5,1,4,4,278
9606.ENSP00000368686,5,1,4,6,1462
9606.ENSP00000355249,5,1,4,6,1462
9606.ENSP00000429089,5,1,4,6,1462
9606.ENSP00000398124,5,1,4,6,1462
9606.ENSP00000386896,2,0,0,8,1065
9606.ENSP00000379472,3,2,2,5,152
9606.ENSP00000418754,12,3,5,10,1188
9606.ENSP00000417132,1,1,1,2,189
9606.ENSP00000384371,1,0,3,1,1412
9606.ENSP00000245960,5,1,4,6,540
9606.ENSP00000255465,5,1,4,6,1462
9606.ENSP00000256442,5,1,4,6,540
9606.ENSP00000340989,5,1,2,2,1528
9606.ENSP00000355922,5,1,4,6,1074
9606.ENSP00000254066,1,1,1,2,1412
9606.ENSP00000366915,1,1,1,2,1412
9606.ENSP00000286548,7,0,5,16,1200
9606.ENSP00000264606,1,1,1,2,1412
9606.ENSP00000329357,1,1,1,2,191
9606.ENSP00000264709,1,1,1,2,189
9606.ENSP00000264972,6,0,3,1,479
9606.ENSP00000289902,6,0,3,1,479
9606.ENSP00000374125,4,0,3,15,813
9606.ENSP00000286301,2,0,0,3,1094
9606.ENSP00000478763,6,0,3,1,1553
9606.ENSP00000365402,6,0,3,1,813
9606.ENSP00000351059,6,0,3,1,1166
9606.ENSP00000271450,6,0,3,1,1553
9606.ENSP00000296140,6,0,3,1,1166
9606.ENSP00000381775,6,0,3,1,857
9606.ENSP00000358165,6,0,3,1,1553
9606.ENSP00000227163,1,0,1,2,1412
9606.ENSP00000245414,6,0,3,1,778
9606.ENSP00000241453,2,0,0,3,1094
9606.ENSP00000389377,1,2,2,7,797
9606.ENSP00000230354,1,1,1,2,189
9606.ENSP00000295025,3,0,2,5,1097
9606.ENSP00000300134,6,0,3,1,1685
9606.ENSP00000296871,6,0,3,1,1108
9606.ENSP00000327513,6,0,3,1,61
9606.ENSP00000254810,1,1,1,2,356
9606.ENSP00000260010,6,0,3,1,840
9606.ENSP00000251968,3,2,0,5,258
9606.ENSP00000273047,2,2,0,5,377
9606.ENSP00000261890,3,2,0,5,288
9606.ENSP00000380421,6,0,3,1,1108
9606.ENSP00000339477,6,0,3,1,1687
9606.ENSP00000359663,6,0,3,1,1623
9606.ENSP00000368538,6,0,3,1,1687
9606.ENSP00000325074,5,1,2,7,1528
9606.ENSP00000358997,6,0,3,1,1097
9606.ENSP00000497759,1,1,1,2,1190
9606.ENSP00000474412,6,0,3,1,893
9606.ENSP00000480467,6,0,3,1,1114
9606.ENSP00000484479,6,0,3,1,1114
9606.ENSP00000474725,5,1,1,2,522
9606.ENSP00000264716,1,1,1,2,1307
9606.ENSP00000497402,5,1,1,2,189
9606.ENSP00000369571,6,0,3,1,1114
9606.ENSP00000369574,6,0,3,1,1114
9606.ENSP00000369564,6,0,3,1,1114
9606.ENSP00000369566,6,0,3,1,1114
9606.ENSP00000239347,6,0,3,1,1114
9606.ENSP00000363318,6,0,3,1,1685
9606.ENSP00000327890,6,0,3,1,1685
9606.ENSP00000369293,6,0,3,1,1685
9606.ENSP00000306157,6,0,3,1,1685
9606.ENSP00000369558,6,0,3,1,1114
9606.ENSP00000369553,6,0,3,1,1114
9606.ENSP00000320935,1,2,0,8,589
9606.ENSP00000356162,7,2,5,18,135
9606.ENSP00000416606,7,2,5,18,135
9606.ENSP00000480012,7,0,5,16,1200
9606.ENSP00000384708,7,2,5,18,135
9606.ENSP00000226413,7,2,5,18,135
9606.ENSP00000276414,7,2,5,18,135
9606.ENSP00000226299,6,0,2,11,8
9606.ENSP00000308208,2,0,0,8,812
9606.ENSP00000383053,2,0,0,3,1146
9606.ENSP00000414378,2,0,0,3,1146
9606.ENSP00000350896,2,0,0,3,1146
9606.ENSP00000357392,2,0,0,3,1146
9606.ENSP00000357393,2,0,0,3,1146
9606.ENSP00000391669,2,0,0,7,1331
9606.ENSP00000275815,2,0,0,3,1146
9606.ENSP00000362139,2,0,0,3,1146
9606.ENSP00000226091,2,0,0,3,1146
9606.ENSP00000226067,3,2,0,21,258
9606.ENSP00000364000,2,0,0,8,1644
9606.ENSP00000369071,2,0,0,8,1644
9606.ENSP00000356899,2,0,0,8,1644
9606.ENSP00000359114,2,0,0,8,1644
9606.ENSP00000360882,2,0,0,8,1644
9606.ENSP00000327801,3,2,2,5,1280
9606.ENSP00000378856,6,0,3,1,1687
9606.ENSP00000354677,3,2,2,11,8
9606.ENSP00000370542,2,0,0,3,824
9606.ENSP00000364589,5,1,4,6,522
9606.ENSP00000408617,1,1,1,2,1412
9606.ENSP00000373700,2,0,0,3,874
9606.ENSP00000301019,5,1,4,6,540
9606.ENSP00000378118,6,0,3,1,1166
9606.ENSP00000427279,6,0,3,1,1166
9606.ENSP00000441600,6,0,3,1,1166
9606.ENSP00000416996,6,0,3,1,1166
9606.ENSP00000395704,6,0,3,1,1166
9606.ENSP00000259206,6,0,3,1,778
9606.ENSP00000386380,6,0,3,1,778
9606.ENSP00000263339,6,0,3,1,840
9606.ENSP00000306512,6,0,3,1,840
9606.ENSP00000337383,3,0,3,1,1097
9606.ENSP00000477908,6,0,3,1,893
9606.ENSP00000280357,6,0,3,1,778
9606.ENSP00000304915,6,0,3,1,1108
9606.ENSP00000354901,6,0,3,1,1166
9606.ENSP00000494686,1,3,1,12,123
9606.ENSP00000343925,1,1,2,2,191
9606.ENSP00000293831,4,2,2,15,9
9606.ENSP00000332604,4,2,2,15,9
9606.ENSP00000364119,4,2,2,15,9
9606.ENSP00000340691,2,2,2,7,1315
9606.ENSP00000410715,12,3,5,10,1188
9606.ENSP00000433112,12,3,5,10,1188
9606.ENSP00000274063,12,3,5,10,1188
9606.ENSP00000284523,12,3,5,10,1188
9606.ENSP00000290167,12,3,5,10,1188
9606.ENSP00000294304,12,3,5,10,1188
9606.ENSP00000293549,12,3,5,10,1188
9606.ENSP00000285018,12,3,5,10,1188
9606.ENSP00000363081,12,3,5,10,1188
9606.ENSP00000286574,12,3,5,10,1188
9606.ENSP00000286201,12,3,5,10,1188
9606.ENSP00000302625,12,1,5,10,1188
9606.ENSP00000287934,12,3,5,10,1188
9606.ENSP00000285311,12,3,5,10,1188
9606.ENSP00000252723,6,0,3,1,1124
9606.ENSP00000296870,6,0,3,1,1108
9606.ENSP00000263734,1,1,1,2,1315
9606.ENSP00000361004,6,0,3,1,1108
9606.ENSP00000276603,5,1,4,4,482
9606.ENSP00000278616,5,1,4,4,482
9606.ENSP00000362300,4,1,1,9,266
9606.ENSP00000313420,5,1,4,4,482
9606.ENSP00000313854,5,1,4,4,522
9606.ENSP00000224950,5,1,4,4,278
9606.ENSP00000233813,2,0,0,8,812
9606.ENSP00000260356,2,0,0,8,1644
9606.ENSP00000239165,13,3,8,26,123
9606.ENSP00000242159,13,3,8,26,123
9606.ENSP00000302548,13,3,8,26,123
9606.ENSP00000283921,13,3,8,26,123
9606.ENSP00000222726,13,3,8,26,123
9606.ENSP00000441434,1,1,1,2,189
9606.ENSP00000476228,1,1,1,2,189
9606.ENSP00000222543,6,0,3,1,146
9606.ENSP00000422793,2,0,0,3,1146
9606.ENSP00000262741,2,0,0,3,1146
9606.ENSP00000263967,2,0,0,3,1146
9606.ENSP00000324890,6,0,3,1,1687
9606.ENSP00000295797,2,2,0,7,1528
9606.ENSP00000352673,1,1,1,2,189
9606.ENSP00000320663,2,0,0,3,1146
9606.ENSP00000357494,2,0,0,3,1146
9606.ENSP00000354207,2,0,0,3,1146
9606.ENSP00000351497,6,0,3,1,1553
9606.ENSP00000300692,6,0,3,1,813
9606.ENSP00000403459,2,0,0,3,1146
9606.ENSP00000492001,3,2,2,13,49
9606.ENSP00000496597,3,2,2,13,49
9606.ENSP00000355124,7,2,6,12,146
9606.ENSP00000373489,7,2,6,12,146
9606.ENSP00000263735,7,0,0,12,702
9606.ENSP00000265849,5,1,4,4,278
9606.ENSP00000264039,2,0,0,3,396
9606.ENSP00000329243,7,2,6,12,146
9606.ENSP00000329797,6,0,3,1,1553
9606.ENSP00000242208,2,3,0,8,1190
9606.ENSP00000256759,2,3,0,14,1190
9606.ENSP00000418525,6,0,3,1,702
9606.ENSP00000379140,6,0,3,1,893
9606.ENSP00000254958,1,3,1,17,1243
9606.ENSP00000263388,1,3,1,17,1243
9606.ENSP00000256646,1,3,1,17,1243
9606.ENSP00000313875,6,0,0,30,258
9606.ENSP00000260408,1,0,0,17,1243
9606.ENSP00000436423,6,0,3,1,1687
9606.ENSP00000348645,3,2,2,5,585
9606.ENSP00000361107,2,1,0,14,1190
9606.ENSP00000336762,2,3,0,14,1190
9606.ENSP00000257863,2,2,5,14,1190
9606.ENSP00000371790,2,0,0,3,934
9606.ENSP00000417898,2,3,0,14,1190
9606.ENSP00000221496,7,2,5,18,135
9606.ENSP00000245479,1,2,1,2,1190
9606.ENSP00000368370,1,2,1,12,1056
9606.ENSP00000255409,6,0,3,1,152
9606.ENSP00000374265,3,2,2,11,8
9606.ENSP00000423822,3,2,2,11,8
9606.ENSP00000373477,3,2,2,11,8
9606.ENSP00000354581,3,2,2,11,8
9606.ENSP00000392398,3,2,2,11,8
9606.ENSP00000311469,3,2,2,11,8
9606.ENSP00000319788,3,2,2,11,8
9606.ENSP00000377192,3,2,2,13,49
9606.ENSP00000363641,3,2,2,11,8
9606.ENSP00000434516,3,2,2,11,8
9606.ENSP00000368166,12,3,5,10,1188
9606.ENSP00000265441,12,3,5,10,1188
9606.ENSP00000225512,12,3,5,10,1188
9606.ENSP00000261349,12,3,5,10,1188
9606.ENSP00000229030,12,3,5,10,1188
9606.ENSP00000257430,12,1,5,10,248
9606.ENSP00000262320,12,1,5,10,248
9606.ENSP00000220812,12,3,5,10,1188
9606.ENSP00000222248,7,2,6,12,146
9606.ENSP00000263334,7,2,6,12,146
9606.ENSP00000273550,3,2,2,11,135
9606.ENSP00000220616,7,2,2,12,146
9606.ENSP00000252804,3,2,2,5,585
9606.ENSP00000401445,3,2,2,5,1280
9606.ENSP00000265351,4,1,1,9,266
9606.ENSP00000263209,4,1,1,9,266
9606.ENSP00000373474,4,4,7,9,1283
9606.ENSP00000298717,4,4,7,9,1283
9606.ENSP00000250113,4,1,7,9,266
9606.ENSP00000338235,4,1,2,9,49
9606.ENSP00000274813,3,1,2,5,49
9606.ENSP00000296511,3,0,2,5,585
9606.ENSP00000280154,4,1,2,15,9
9606.ENSP00000367202,2,0,0,8,812
9606.ENSP00000261254,5,1,4,6,1462
9606.ENSP00000262133,5,1,4,6,1462
9606.ENSP00000276925,5,1,1,6,1462
9606.ENSP00000262904,5,1,4,6,1462
9606.ENSP00000220592,4,1,1,9,266
9606.ENSP00000262238,1,1,1,2,189
9606.ENSP00000227507,1,1,1,2,1297
9606.ENSP00000258149,1,1,1,2,1297
9606.ENSP00000276927,6,0,3,1,778
9606.ENSP00000296795,6,0,3,1,778
9606.ENSP00000358092,1,0,1,2,1412
9606.ENSP00000263464,3,0,2,5,528
9606.ENSP00000231509,1,1,1,2,191
9606.ENSP00000277120,2,0,0,3,396
9606.ENSP00000266000,1,1,1,2,1046
9606.ENSP00000365804,1,1,1,2,1046
9606.ENSP00000239938,1,1,1,2,191
9606.ENSP00000267953,3,2,2,5,528
9606.ENSP00000315564,6,0,3,1,1687
9606.ENSP00000329932,6,0,3,1,1687
9606.ENSP00000307305,2,2,2,7,1315
9606.ENSP00000344220,2,2,2,7,1528
9606.ENSP00000356832,2,2,2,7,1315
9606.ENSP00000359424,3,0,2,5,1097
9606.ENSP00000375711,2,2,2,7,1315
9606.ENSP00000379975,2,2,0,7,1331
9606.ENSP00000348455,3,2,2,5,377
9606.ENSP00000337065,6,0,3,1,1166
9606.ENSP00000356792,6,0,3,1,1166
9606.ENSP00000362795,6,0,3,1,1166
9606.ENSP00000343952,6,0,3,1,1166
9606.ENSP00000249887,6,0,3,1,1166
9606.ENSP00000308815,6,0,3,1,1166
9606.ENSP00000286758,6,0,3,1,1166
9606.ENSP00000351671,6,0,3,1,1166
9606.ENSP00000296028,6,0,3,1,1166
9606.ENSP00000319635,6,0,3,1,1166
9606.ENSP00000296029,6,0,3,1,1166
9606.ENSP00000379110,6,0,3,1,893
9606.ENSP00000332504,6,0,3,1,1166
9606.ENSP00000262768,6,0,0,8,812
9606.ENSP00000279441,6,0,0,8,812
9606.ENSP00000299855,6,0,0,8,812
9606.ENSP00000266085,2,0,0,8,812
9606.ENSP00000458585,6,0,0,8,812
9606.ENSP00000378058,2,0,0,8,258
9606.ENSP00000230990,2,0,0,3,61
9606.ENSP00000264498,2,0,0,3,61
9606.ENSP00000260227,6,0,0,8,812
9606.ENSP00000267843,2,0,0,3,934
9606.ENSP00000427552,2,0,0,8,1644
9606.ENSP00000401645,6,0,0,8,812
9606.ENSP00000231004,2,0,0,8,1644
9606.ENSP00000244050,1,1,1,2,15
9606.ENSP00000260302,6,0,0,8,812
9606.ENSP00000308938,6,0,0,8,812
9606.ENSP00000308720,3,0,0,5,152
9606.ENSP00000497968,6,0,3,1,1685
9606.ENSP00000223095,6,0,0,8,812
9606.ENSP00000226218,2,0,0,8,1644
9606.ENSP00000225831,6,0,3,1,893
9606.ENSP00000262158,2,1,1,14,15
9606.ENSP00000355896,2,0,0,8,1644
9606.ENSP00000229135,6,0,3,1,1685
9606.ENSP00000290277,2,2,2,7,288
9606.ENSP00000320171,3,1,2,13,49
9606.ENSP00000217971,1,2,1,3,1307
9606.ENSP00000381231,2,2,2,7,1412
9606.ENSP00000485527,2,2,2,7,1412
9606.ENSP00000495556,1,1,1,2,189
9606.ENSP00000303147,1,1,1,2,1412
9606.ENSP00000367030,1,1,1,2,189
9606.ENSP00000246194,4,1,7,9,266
9606.ENSP00000217426,1,1,1,2,189
9606.ENSP00000254868,6,2,3,15,146
9606.ENSP00000357152,6,0,3,1,1553
9606.ENSP00000384899,1,1,1,2,189
9606.ENSP00000333633,1,1,1,2,189
9606.ENSP00000217086,1,1,1,2,1056
9606.ENSP00000356319,5,1,4,6,1074
9606.ENSP00000361298,5,1,4,6,1074
9606.ENSP00000357643,5,1,4,6,1074
9606.ENSP00000404190,5,1,4,6,1074
9606.ENSP00000300403,5,1,4,6,1074
9606.ENSP00000348838,5,1,4,6,1074
9606.ENSP00000355966,5,1,4,6,1074
9606.ENSP00000335357,5,1,4,6,540
9606.ENSP00000378295,5,1,4,6,1074
9606.ENSP00000368759,2,0,0,3,1331
9606.ENSP00000380638,2,0,0,7,1331
9606.ENSP00000261597,5,1,4,6,1074
9606.ENSP00000265148,5,1,4,6,1074
9606.ENSP00000287394,5,1,4,6,1074
9606.ENSP00000217026,5,1,4,6,540
9606.ENSP00000382091,4,4,7,9,1283
9606.ENSP00000216807,1,1,1,2,189
9606.ENSP00000244537,1,1,1,2,356
9606.ENSP00000372221,1,1,1,2,123
9606.ENSP00000464030,3,0,2,5,1097
9606.ENSP00000265421,5,1,4,4,278
9606.ENSP00000384408,5,1,4,4,278
9606.ENSP00000219066,5,1,4,4,278
9606.ENSP00000262887,5,1,4,4,278
9606.ENSP00000231790,5,1,4,4,278
9606.ENSP00000498881,5,1,4,4,278
9606.ENSP00000265081,5,1,4,4,278
9606.ENSP00000233146,5,1,4,4,278
9606.ENSP00000234420,5,1,4,4,278
9606.ENSP00000421491,5,1,4,4,278
9606.ENSP00000448665,3,2,2,5,1280
9606.ENSP00000287641,7,2,6,16,135
9606.ENSP00000307508,7,2,6,12,146
9606.ENSP00000256857,7,2,6,16,146
9606.ENSP00000266674,12,2,5,10,248
9606.ENSP00000353245,7,2,6,12,146
9606.ENSP00000478490,4,4,7,9,1283
9606.ENSP00000444660,4,4,7,9,1283
9606.ENSP00000454545,4,4,7,9,1283
9606.ENSP00000337060,5,1,4,13,49
9606.ENSP00000216446,2,2,0,7,1331
9606.ENSP00000261366,3,1,2,2,540
9606.ENSP00000265164,3,2,2,5,528
9606.ENSP00000339587,3,2,3,5,528
9606.ENSP00000248071,1,1,1,2,1412
9606.ENSP00000379612,3,2,2,5,377
9606.ENSP00000351273,3,0,2,5,528
9606.ENSP00000330237,3,2,2,5,528
9606.ENSP00000358327,3,0,2,5,528
9606.ENSP00000352928,5,1,4,6,522
9606.ENSP00000289371,4,2,2,15,9
9606.ENSP00000329466,1,1,1,2,189
9606.ENSP00000324404,5,1,4,6,1462
9606.ENSP00000264552,5,1,4,6,540
9606.ENSP00000260947,5,1,4,4,1691
9606.ENSP00000289081,5,1,4,4,278
9606.ENSP00000294008,5,1,4,4,278
9606.ENSP00000216133,1,1,1,2,356
9606.ENSP00000221130,3,2,2,11,8
9606.ENSP00000250405,3,2,2,5,528
9606.ENSP00000376943,3,2,2,5,528
9606.ENSP00000326119,3,2,2,5,528
9606.ENSP00000363591,3,2,2,5,528
9606.ENSP00000293288,3,2,2,5,528
9606.ENSP00000216115,3,2,2,5,528
9606.ENSP00000356919,3,2,2,5,1280
9606.ENSP00000307235,3,2,2,5,1280
9606.ENSP00000315299,2,2,2,7,288
9606.ENSP00000304643,2,2,2,7,288
9606.ENSP00000233057,3,0,3,1,778
9606.ENSP00000256383,4,2,2,15,9
9606.ENSP00000301838,3,0,2,5,528
9606.ENSP00000356920,1,2,2,2,1307
9606.ENSP00000419923,1,1,1,2,191
9606.ENSP00000222330,12,1,2,7,248
9606.ENSP00000216037,3,2,2,5,1280
9606.ENSP00000222254,2,0,0,3,1146
9606.ENSP00000247461,3,2,2,5,1280
9606.ENSP00000239223,1,1,2,2,191
9606.ENSP00000263025,2,2,2,7,1307
9606.ENSP00000291295,2,2,2,7,288
9606.ENSP00000279488,2,2,2,7,1307
9606.ENSP00000229795,1,2,2,2,1307
9606.ENSP00000345083,2,2,2,7,1307
9606.ENSP00000341189,2,0,0,3,1065
9606.ENSP00000248553,3,2,2,5,1280
9606.ENSP00000358596,1,2,2,2,1307
9606.ENSP00000353344,1,1,1,2,191
9606.ENSP00000313681,2,2,2,7,797
9606.ENSP00000469158,1,1,1,2,191
9606.ENSP00000308413,2,2,2,7,1315
9606.ENSP00000250111,2,2,2,7,1307
9606.ENSP00000228872,5,1,4,6,1462
9606.ENSP00000262643,5,1,4,6,1462
9606.ENSP00000231487,5,1,4,6,522
9606.ENSP00000301764,5,1,4,4,522
9606.ENSP00000410452,2,2,2,7,1528
9606.ENSP00000256996,5,1,4,4,482
9606.ENSP00000256443,5,1,4,6,1462
9606.ENSP00000469613,6,0,3,1,1108
9606.ENSP00000356694,6,0,3,1,1623
9606.ENSP00000498466,3,0,3,1,1623
9606.ENSP00000360216,3,0,2,5,702
9606.ENSP00000249075,6,0,3,1,1108
9606.ENSP00000264563,6,0,3,1,1108
9606.ENSP00000215781,6,0,3,1,1108
9606.ENSP00000222390,2,0,0,3,61
9606.ENSP00000272928,6,0,3,1,1166
9606.ENSP00000292174,6,0,3,1,1166
9606.ENSP00000292303,6,0,3,1,1166
9606.ENSP00000215743,6,0,0,8,812
9606.ENSP00000212355,2,2,0,14,1190
9606.ENSP00000221930,2,0,0,8,824
9606.ENSP00000238682,2,0,0,8,1644
9606.ENSP00000245451,2,3,0,14,1190
9606.ENSP00000307272,2,2,2,7,1315
9606.ENSP00000365380,6,0,3,1,1623
9606.ENSP00000295757,1,1,1,2,356
9606.ENSP00000358799,4,4,7,9,1283
9606.ENSP00000222553,1,0,1,2,589
9606.ENSP00000249396,1,1,1,2,189
9606.ENSP00000226279,6,0,3,1,1553
9606.ENSP00000257770,6,0,0,8,702
9606.ENSP00000264731,1,1,1,2,123
9606.ENSP00000225916,1,1,1,2,189
9606.ENSP00000261497,1,1,1,2,189
9606.ENSP00000254846,1,1,1,2,189
9606.ENSP00000307288,5,1,4,6,540
9606.ENSP00000356233,1,1,1,2,189
9606.ENSP00000285398,5,1,4,4,482
9606.ENSP00000262105,5,1,4,6,540
9606.ENSP00000253024,1,1,1,2,189
9606.ENSP00000250416,5,1,4,4,482
9606.ENSP00000370842,6,0,3,1,778
9606.ENSP00000295756,6,0,3,1,813
9606.ENSP00000302100,1,1,1,2,49
9606.ENSP00000250448,1,1,1,2,1412
9606.ENSP00000216117,3,2,2,11,8
9606.ENSP00000231449,6,0,3,1,1685
9606.ENSP00000296782,2,2,2,7,1315
9606.ENSP00000312664,3,0,2,5,528
9606.ENSP00000312455,3,0,2,5,528
9606.ENSP00000225577,2,2,2,7,1315
9606.ENSP00000262187,2,2,2,7,1315
9606.ENSP00000351141,4,4,7,9,1283
9606.ENSP00000497585,6,0,3,1,123
9606.ENSP00000212015,1,1,1,2,1046
9606.ENSP00000226574,6,0,3,1,857
9606.ENSP00000219476,2,2,2,7,1315
9606.ENSP00000216714,5,1,4,4,482
9606.ENSP00000267257,2,0,0,7,1331
9606.ENSP00000300574,2,0,0,3,1146
9606.ENSP00000320176,2,2,0,7,1331
9606.ENSP00000282588,2,0,0,8,1065
9606.ENSP00000293379,2,0,0,8,1065
9606.ENSP00000282561,2,2,2,7,797
9606.ENSP00000320295,3,3,2,29,49
9606.ENSP00000215832,2,2,2,7,1307
9606.ENSP00000268182,2,2,2,7,1331
9606.ENSP00000262506,1,1,1,2,522
9606.ENSP00000244007,2,0,0,3,1146
9606.ENSP00000311697,2,0,0,3,934
9606.ENSP00000261601,2,1,1,14,522
9606.ENSP00000210313,2,1,1,14,522
9606.ENSP00000250024,5,1,4,6,540
9606.ENSP00000323246,5,1,4,6,1462
9606.ENSP00000261769,2,2,0,2,824
9606.ENSP00000216911,5,1,4,6,540
9606.ENSP00000253462,5,1,4,6,540
9606.ENSP00000209728,5,1,4,6,540
9606.ENSP00000260810,5,1,4,4,1691
9606.ENSP00000249749,1,3,1,17,1243
9606.ENSP00000205143,1,3,1,17,1243
9606.ENSP00000254301,6,0,0,8,824
9606.ENSP00000312506,2,0,0,3,934
9606.ENSP00000281923,4,6,10,31,258
9606.ENSP00000312002,6,0,3,1,1687
9606.ENSP00000358294,6,0,3,1,1687
9606.ENSP00000419085,6,0,3,1,1687
9606.ENSP00000283285,6,0,3,1,813
9606.ENSP00000264025,6,0,3,1,813
9606.ENSP00000356991,6,0,3,30,813
9606.ENSP00000347948,6,0,3,1,1687
9606.ENSP00000354566,6,0,3,1,813
9606.ENSP00000358490,6,0,3,1,1553
9606.ENSP00000420298,6,0,3,1,1553
9606.ENSP00000378409,6,0,3,1,1687
9606.ENSP00000201031,1,1,1,2,1412
9606.ENSP00000315190,2,0,0,8,1065
9606.ENSP00000324101,3,0,0,8,258
9606.ENSP00000324532,2,0,0,8,1065
9606.ENSP00000264144,2,0,0,8,1065
9606.ENSP00000261023,2,0,0,8,1065
9606.ENSP00000230538,2,0,0,8,1065
9606.ENSP00000252699,2,0,0,8,1065
9606.ENSP00000222573,2,0,0,8,1065
9606.ENSP00000225964,2,0,0,8,1644
9606.ENSP00000360683,2,0,0,3,1146
9606.ENSP00000314897,2,0,0,3,934
9606.ENSP00000428340,2,0,0,3,934
9606.ENSP00000428976,2,0,0,7,1331
9606.ENSP00000188790,2,0,0,8,39
9606.ENSP00000179259,3,2,2,13,49
9606.ENSP00000290573,3,2,2,13,49
9606.ENSP00000328207,6,0,3,1,1687
9606.ENSP00000228945,2,2,0,7,1331
9606.ENSP00000303830,2,0,0,3,396
9606.ENSP00000319476,6,0,3,1,1687
9606.ENSP00000292408,2,0,0,3,396
9606.ENSP00000346508,2,0,0,3,934
9606.ENSP00000262039,3,2,2,5,377
9606.ENSP00000330382,2,0,0,3,934
9606.ENSP00000332049,6,0,3,1,1623
9606.ENSP00000169298,4,6,10,31,258
9606.ENSP00000399324,2,0,0,3,934
9606.ENSP00000352414,2,0,0,3,934
9606.ENSP00000334122,2,0,0,3,934
9606.ENSP00000385586,2,3,0,19,1190
9606.ENSP00000264664,2,0,0,3,934
9606.ENSP00000274625,2,0,0,3,934
9606.ENSP00000265371,2,0,0,3,61
9606.ENSP00000263851,6,0,3,1,1108
9606.ENSP00000262120,2,3,0,14,1190
9606.ENSP00000242261,1,1,1,2,15
9606.ENSP00000263233,7,2,6,12,146
9606.ENSP00000499683,7,2,6,12,146
9606.ENSP00000253719,7,2,6,12,146
9606.ENSP00000216492,7,2,6,12,146
9606.ENSP00000221992,7,2,6,12,146
9606.ENSP00000167588,7,2,6,12,146
9606.ENSP00000252242,7,2,6,12,146
9606.ENSP00000308452,7,2,6,28,146
9606.ENSP00000343129,7,3,6,12,146
9606.ENSP00000264012,2,2,0,28,39
9606.ENSP00000200181,2,0,0,8,1065
9606.ENSP00000167586,7,2,6,28,146
9606.ENSP00000167106,3,3,2,29,49
9606.ENSP00000358983,3,0,2,5,1097
9606.ENSP00000221452,3,0,2,5,1097
9606.ENSP00000263932,6,0,3,1,1623
9606.ENSP00000164227,3,0,2,5,1097
9606.ENSP00000216797,3,0,2,5,1097
9606.ENSP00000304226,3,1,2,5,528
9606.ENSP00000276431,3,0,2,5,528
9606.ENSP00000241261,3,0,2,5,528
9606.ENSP00000293825,2,0,0,3,1094
9606.ENSP00000216274,3,0,2,5,528
9606.ENSP00000219548,3,1,2,5,1196
9606.ENSP00000218388,6,0,0,8,812
9606.ENSP00000219070,2,0,0,8,812
9606.ENSP00000343505,6,0,3,1,778
9606.ENSP00000395294,6,0,3,1,1687
9606.ENSP00000245817,6,0,3,1,1687
9606.ENSP00000266557,6,0,3,1,1687
9606.ENSP00000281834,6,0,3,1,1687
9606.ENSP00000264246,6,0,3,1,1623
9606.ENSP00000320084,6,0,3,1,1687
9606.ENSP00000359364,4,4,7,9,1283
9606.ENSP00000242848,4,4,7,9,1283
9606.ENSP00000297591,4,4,7,9,1283
9606.ENSP00000263092,4,4,7,9,1283
9606.ENSP00000258729,4,4,7,9,1283
9606.ENSP00000216489,4,4,7,9,1283
9606.ENSP00000161863,4,4,7,9,1283
9606.ENSP00000335062,6,0,3,1,1687
9606.ENSP00000333919,6,0,3,1,1687
9606.ENSP00000161559,6,0,3,1,1687
9606.ENSP00000217182,4,2,2,15,9
9606.ENSP00000156626,4,6,10,31,49
9606.ENSP00000075120,3,2,2,13,49
9606.ENSP00000053243,6,0,3,1,1687
9606.ENSP00000416523,2,0,0,7,1146
9606.ENSP00000383185,2,0,0,3,934
9606.ENSP00000361818,2,0,0,8,1644
9606.ENSP00000266718,2,0,0,8,1644
9606.ENSP00000231061,2,0,0,8,1644
9606.ENSP00000215530,2,0,0,3,934
9606.ENSP00000180166,2,0,0,3,934
9606.ENSP00000168712,2,0,0,3,934
9606.ENSP00000172229,2,0,0,3,396
9606.ENSP00000228837,2,0,0,3,934
9606.ENSP00000359319,1,3,1,12,123
9606.ENSP00000052754,2,0,0,8,1644
9606.ENSP00000043402,2,0,0,3,934
9606.ENSP00000211998,2,2,0,7,1331
9606.ENSP00000501245,6,0,3,1,1553
9606.ENSP00000296695,3,0,0,5,258
9606.ENSP00000252891,1,3,1,17,1243
9606.ENSP00000027335,2,2,0,7,39
9606.ENSP00000432412,3,2,2,5,377
9606.ENSP00000247178,3,2,2,5,377
9606.ENSP00000283290,3,2,2,5,377
9606.ENSP00000025008,3,2,2,5,377
9606.ENSP00000355354,2,2,0,2,39
9606.ENSP00000410041,1,1,1,2,189
9606.ENSP00000367832,6,0,3,1,1166
9606.ENSP00000020945,1,1,1,2,15
9606.ENSP00000406490,5,1,4,4,278
9606.ENSP00000348020,5,1,4,4,278
9606.ENSP00000259008,5,1,4,4,278
9606.ENSP00000368959,5,1,4,4,278
9606.ENSP00000420612,5,1,4,4,278
9606.ENSP00000274306,6,0,3,1,1687
9606.ENSP00000351644,5,1,4,4,278
9606.ENSP00000013807,5,1,4,4,278
9606.ENSP00000229769,5,1,4,4,278
9606.ENSP00000331172,6,0,3,1,813
9606.ENSP00000368450,6,0,3,1,1553
9606.ENSP00000227155,3,0,0,8,258
9606.ENSP00000349967,6,0,3,1,1166
9606.ENSP00000423463,6,0,3,1,1687
9606.ENSP00000228434,6,0,3,1,1553
9606.ENSP00000246657,6,0,3,1,1166
9606.ENSP00000177694,6,0,3,1,1623
9606.ENSP00000216341,6,0,3,1,1623
9606.ENSP00000226730,6,0,3,1,1685
9606.ENSP00000231454,6,0,3,1,1108
9606.ENSP00000203629,6,0,3,1,1687
9606.ENSP00000250092,6,0,3,1,1553
9606.ENSP00000479955,6,0,3,1,1166
9606.ENSP00000302234,6,0,3,1,1166
9606.ENSP00000216225,5,1,4,6,522
9606.ENSP00000256474,1,1,1,2,522
9606.ENSP00000265070,6,0,0,8,589
9606.ENSP00000312082,6,0,3,1,778
9606.ENSP00000444788,6,0,3,1,1687
9606.ENSP00000296026,6,0,3,1,1166
9606.ENSP00000085219,6,0,3,1,1553
9606.ENSP00000221132,3,0,2,5,528
9606.ENSP00000162749,6,0,3,1,778
9606.ENSP00000361087,6,0,0,8,39
9606.ENSP00000263636,6,0,3,1,1687
9606.ENSP00000011653,6,0,3,1,1623
9606.ENSP00000225474,6,0,3,1,1108
9606.ENSP00000219235,6,0,3,1,1166
9606.ENSP00000219244,6,0,3,1,1166
9606.ENSP00000215754,6,0,3,1,893
9606.ENSP00000366047,3,0,0,5,1331
9606.ENSP00000458537,3,0,0,5,1331
9606.ENSP00000245539,4,2,2,15,9
9606.ENSP00000295822,4,2,2,15,9
9606.ENSP00000252602,4,2,2,15,9
9606.ENSP00000333926,4,2,2,15,9
9606.ENSP00000285238,4,2,2,15,9
9606.ENSP00000371483,2,0,0,3,1331
9606.ENSP00000009530,4,0,2,15,9
9606.ENSP00000296027,6,0,3,1,1166
9606.ENSP00000295683,6,0,3,1,1166
9606.ENSP00000293778,6,0,3,1,1166
9606.ENSP00000325240,6,0,3,1,1166
9606.ENSP00000006053,6,0,3,1,1166
9606.ENSP00000497112,13,3,8,26,123
9606.ENSP00000006015,13,3,8,26,123
9606.ENSP00000374507,12,3,5,10,1188
9606.ENSP00000220772,12,3,5,10,1188
9606.ENSP00000005340,12,3,5,10,1188
9606.ENSP00000365530,1,2,0,8,589
9606.ENSP00000005257,2,2,0,7,1331
9606.ENSP00000003084,3,2,2,5,288
